-- phpMyAdmin SQL Dump
-- version 4.5.1
-- http://www.phpmyadmin.net
--
-- 主機: 127.0.0.1
-- 產生時間： 2019-01-01 14:31:29
-- 伺服器版本: 10.1.19-MariaDB
-- PHP 版本： 5.6.28

SET SQL_MODE = "NO_AUTO_VALUE_ON_ZERO";
SET time_zone = "+00:00";


/*!40101 SET @OLD_CHARACTER_SET_CLIENT=@@CHARACTER_SET_CLIENT */;
/*!40101 SET @OLD_CHARACTER_SET_RESULTS=@@CHARACTER_SET_RESULTS */;
/*!40101 SET @OLD_COLLATION_CONNECTION=@@COLLATION_CONNECTION */;
/*!40101 SET NAMES utf8mb4 */;

--
-- 資料庫： `hotelsdb`
--

-- --------------------------------------------------------

--
-- 資料表結構 `booking`
--

CREATE TABLE `booking` (
  `id` int(11) NOT NULL,
  `user_id` int(11) NOT NULL,
  `hotel_id` int(11) NOT NULL,
  `hotel_room_id` int(11) NOT NULL,
  `people` int(11) NOT NULL,
  `in_date` datetime NOT NULL,
  `out_date` datetime NOT NULL,
  `book_date` datetime NOT NULL,
  `total_price` float NOT NULL,
  `payment_method_id` int(11) NOT NULL,
  `approved` int(11) NOT NULL,
  `status` int(11) NOT NULL,
  `updated_at` datetime NOT NULL,
  `created_at` datetime NOT NULL
) ENGINE=InnoDB DEFAULT CHARSET=utf8;

--
-- 資料表的匯出資料 `booking`
--

INSERT INTO `booking` (`id`, `user_id`, `hotel_id`, `hotel_room_id`, `people`, `in_date`, `out_date`, `book_date`, `total_price`, `payment_method_id`, `approved`, `status`, `updated_at`, `created_at`) VALUES
(62, 2, 40, 21, 2, '2018-04-02 00:00:00', '2018-04-05 00:00:00', '2018-12-26 05:47:48', 4510, 5, 1, 1, '2018-12-26 05:47:48', '2018-12-26 05:47:48'),
(63, 2, 40, 21, 1, '2018-12-09 00:00:00', '2018-12-15 00:00:00', '2018-12-26 06:05:47', 9010, 5, 1, 1, '2018-12-26 06:05:47', '2018-12-26 06:05:47'),
(64, 3, 735, 28, 1, '2018-12-24 00:00:00', '2018-12-27 00:00:00', '2018-12-26 06:11:45', 1210, 1, 1, 1, '2018-12-26 06:11:45', '2018-12-26 06:11:45'),
(65, 4, 46, 27, 2, '2018-12-03 00:00:00', '2018-12-07 00:00:00', '2018-12-26 06:44:35', 7210, 5, 1, 1, '2018-12-26 06:44:35', '2018-12-26 06:44:35'),
(67, 2, 41, 24, 1, '2018-12-26 00:00:00', '2018-12-29 00:00:00', '2018-12-26 16:42:20', 6010, 5, 1, 1, '2018-12-26 16:42:20', '2018-12-26 16:42:20'),
(71, 2, 41, 24, 1, '2018-11-26 00:00:00', '2018-11-28 00:00:00', '2018-12-26 16:44:38', 4010, 2, 1, 1, '2018-12-26 16:44:38', '2018-12-26 16:44:38'),
(72, 2, 41, 24, 1, '2018-12-03 00:00:00', '2018-12-06 00:00:00', '2018-12-26 16:57:16', 6010, 5, 1, 1, '2018-12-26 16:57:16', '2018-12-26 16:57:16'),
(73, 2, 48, 29, 3, '2019-01-01 00:00:00', '2019-01-05 00:00:00', '2018-12-26 22:13:22', 12010, 1, 1, 1, '2018-12-26 22:13:22', '2018-12-26 22:13:22'),
(74, 5, 74, 30, 1, '2018-12-27 00:00:00', '2018-12-30 00:00:00', '2018-12-27 01:32:56', 2110, 5, 1, 1, '2018-12-27 01:32:56', '2018-12-27 01:32:56'),
(75, 5, 72, 31, 2, '2018-12-31 00:00:00', '2019-01-03 00:00:00', '2018-12-27 01:35:10', 3760, 1, 1, 1, '2018-12-27 01:35:10', '2018-12-27 01:35:10'),
(76, 11, 40, 22, 2, '2018-12-27 00:00:00', '2018-12-31 00:00:00', '2018-12-27 21:50:59', 12025, 1, 1, 1, '2018-12-27 21:50:59', '2018-12-27 21:50:59'),
(77, 12, 42, 35, 1, '2018-12-28 00:00:00', '2019-01-01 00:00:00', '2018-12-28 21:50:12', 8010, 5, 1, 1, '2018-12-28 21:50:12', '2018-12-28 21:50:12'),
(78, 2, 42, 35, 1, '2018-12-28 00:00:00', '2019-01-04 00:00:00', '2018-12-28 21:51:27', 14010, 5, 1, 1, '2018-12-28 21:51:27', '2018-12-28 21:51:27'),
(79, 2, 40, 22, 1, '2018-12-31 00:00:00', '2019-01-03 00:00:00', '2018-12-31 04:15:14', 9025, 1, 1, 1, '2018-12-31 04:15:14', '2018-12-31 04:15:14');

-- --------------------------------------------------------

--
-- 資料表結構 `booking_guest`
--

CREATE TABLE `booking_guest` (
  `id` int(11) NOT NULL,
  `booking_id` int(11) NOT NULL,
  `name` varchar(255) NOT NULL,
  `phone` int(11) NOT NULL,
  `gender` varchar(255) NOT NULL,
  `email` varchar(255) NOT NULL,
  `updated_at` datetime NOT NULL,
  `created_at` datetime NOT NULL
) ENGINE=InnoDB DEFAULT CHARSET=utf8;

--
-- 資料表的匯出資料 `booking_guest`
--

INSERT INTO `booking_guest` (`id`, `booking_id`, `name`, `phone`, `gender`, `email`, `updated_at`, `created_at`) VALUES
(28, 62, 'ken', 67578441, 'M', 'ken@gmail.com', '2018-12-26 05:47:48', '2018-12-26 05:47:48'),
(29, 62, 'peter', 0, '', 'peter@gmail.com', '2018-12-26 05:47:48', '2018-12-26 05:47:48'),
(30, 63, 'dfsdf', 0, '', '', '2018-12-26 06:05:47', '2018-12-26 06:05:47'),
(31, 64, 'user01', 26650131, 'M', 'user@gmail.com', '2018-12-26 06:11:45', '2018-12-26 06:11:45'),
(32, 65, 'kennyyung', 98765432, 'M', 'kennyyung@gmail.com', '2018-12-26 06:44:35', '2018-12-26 06:44:35'),
(33, 65, 'kenip', 67578441, 'M', 'ken@gmail.com', '2018-12-26 06:44:35', '2018-12-26 06:44:35'),
(35, 67, 'Ip Ken', 67578441, 'M', 'ken@gmail.com', '2018-12-26 16:42:20', '2018-12-26 16:42:20'),
(39, 71, 'aasdasd', 0, '', 'aasd', '2018-12-26 16:44:38', '2018-12-26 16:44:38'),
(40, 72, 'test', 123, '', '', '2018-12-26 16:57:16', '2018-12-26 16:57:16'),
(41, 73, 'guest1', 26650131, 'M', 'guest1@gmail.com', '2018-12-26 22:13:22', '2018-12-26 22:13:22'),
(42, 73, 'guest2', 0, 'F', '', '2018-12-26 22:13:22', '2018-12-26 22:13:22'),
(43, 73, 'guest3', 0, 'F', '', '2018-12-26 22:13:22', '2018-12-26 22:13:22'),
(44, 74, 'smlau', 98765432, 'M', 'smlau@gmail.com', '2018-12-27 01:32:56', '2018-12-27 01:32:56'),
(45, 75, 'smlau', 96321478, 'M', 'smlau@gmail.com', '2018-12-27 01:35:10', '2018-12-27 01:35:10'),
(46, 75, 'kenip', 67578441, 'M', '', '2018-12-27 01:35:10', '2018-12-27 01:35:10'),
(47, 76, 'fufu', 98765432, 'F', 'fu@gmail.com', '2018-12-27 21:50:59', '2018-12-27 21:50:59'),
(48, 76, 'ken', 67578441, 'M', 'ken@gmail.com', '2018-12-27 21:50:59', '2018-12-27 21:50:59'),
(49, 77, 'jim', 99663322, 'M', 'jim@gmail.com', '2018-12-28 21:50:12', '2018-12-28 21:50:12'),
(50, 78, 'KenIP', 67578441, '', 'kenip0813@gmail.com', '2018-12-28 21:51:27', '2018-12-28 21:51:27'),
(51, 79, 'KenIP', 67578441, 'M', 'kenip0813@gmail.com', '2018-12-31 04:15:14', '2018-12-31 04:15:14');

-- --------------------------------------------------------

--
-- 資料表結構 `booking_payment`
--

CREATE TABLE `booking_payment` (
  `id` int(11) NOT NULL,
  `booking_id` int(11) NOT NULL,
  `user_id` int(11) NOT NULL,
  `single_price` int(11) NOT NULL,
  `handling_price` int(11) NOT NULL,
  `total_price` int(11) NOT NULL,
  `payment_method_id` int(11) NOT NULL,
  `card_number` int(11) DEFAULT NULL,
  `expired_date` varchar(255) DEFAULT NULL,
  `security_number` int(11) DEFAULT NULL,
  `status` int(11) NOT NULL DEFAULT '0',
  `created_at` datetime NOT NULL,
  `updated_at` datetime NOT NULL
) ENGINE=InnoDB DEFAULT CHARSET=utf8;

--
-- 資料表的匯出資料 `booking_payment`
--

INSERT INTO `booking_payment` (`id`, `booking_id`, `user_id`, `single_price`, `handling_price`, `total_price`, `payment_method_id`, `card_number`, `expired_date`, `security_number`, `status`, `created_at`, `updated_at`) VALUES
(42, 62, 2, 1500, 10, 4510, 5, 0, '', 0, 0, '2018-12-26 05:47:48', '2018-12-26 05:47:48'),
(43, 63, 2, 1500, 10, 9010, 5, 0, '', 0, 0, '2018-12-26 06:05:47', '2018-12-26 06:05:47'),
(44, 64, 3, 400, 10, 1210, 1, 2147483647, '2020-08', 888, 0, '2018-12-26 06:11:45', '2018-12-26 06:11:45'),
(45, 65, 4, 1800, 10, 7210, 5, 0, '', 0, 0, '2018-12-26 06:44:35', '2018-12-26 06:44:35'),
(47, 67, 2, 2000, 10, 6010, 5, 0, '', 0, 0, '2018-12-26 16:42:20', '2018-12-26 16:42:20'),
(51, 71, 2, 2000, 10, 4010, 2, 0, '', 0, 1, '2018-12-26 16:44:38', '2018-12-26 16:44:38'),
(52, 72, 2, 2000, 10, 6010, 5, 0, '', 0, 0, '2018-12-26 16:57:16', '2018-12-26 16:57:16'),
(53, 73, 2, 3000, 10, 12010, 1, 2147483647, '2020-10', 444, 1, '2018-12-26 22:13:22', '2018-12-26 22:13:22'),
(54, 74, 5, 700, 10, 2110, 5, 0, '', 0, 0, '2018-12-27 01:32:56', '2018-12-27 01:32:56'),
(55, 75, 5, 1250, 10, 3760, 1, 1234567890, '2018-12', 987, 1, '2018-12-27 01:35:10', '2018-12-27 01:35:10'),
(56, 76, 11, 3000, 25, 12025, 1, 2147483647, '2020-10', 987, 1, '2018-12-27 21:50:59', '2018-12-27 21:50:59'),
(57, 77, 12, 2000, 10, 8010, 5, 0, '', 0, 0, '2018-12-28 21:50:12', '2018-12-28 21:50:12'),
(58, 78, 2, 2000, 10, 14010, 5, 0, '', 0, 0, '2018-12-28 21:51:27', '2018-12-28 21:51:27'),
(59, 79, 2, 3000, 25, 9025, 1, 12345678, '2019-02', 999, 1, '2018-12-31 04:15:14', '2018-12-31 04:15:14');

-- --------------------------------------------------------

--
-- 資料表結構 `categories`
--

CREATE TABLE `categories` (
  `id` int(10) UNSIGNED NOT NULL,
  `name` varchar(255) COLLATE utf8_unicode_ci NOT NULL,
  `created_at` timestamp NULL DEFAULT NULL,
  `updated_at` timestamp NULL DEFAULT NULL
) ENGINE=InnoDB DEFAULT CHARSET=utf8 COLLATE=utf8_unicode_ci;

--
-- 資料表的匯出資料 `categories`
--

INSERT INTO `categories` (`id`, `name`, `created_at`, `updated_at`) VALUES
(1, '老牌酒店', '2018-10-25 16:00:00', '2018-10-25 16:00:00'),
(2, '新開張酒店', '2018-10-29 09:32:19', '2018-10-29 09:32:19'),
(3, '人氣酒店', '2018-11-18 09:12:08', '2018-11-18 09:12:08'),
(4, '必到酒店', '2018-11-18 09:12:17', '2018-11-18 09:12:17'),
(5, '溫泉酒店', '2018-11-18 09:12:42', '2018-11-18 09:12:42'),
(6, '度假酒店', '2018-11-18 09:12:56', '2018-11-18 09:12:56'),
(7, '鄉村酒店', '2018-11-18 09:13:03', '2018-11-18 09:13:03'),
(8, '主題酒店', '2018-11-18 09:13:08', '2018-11-18 09:13:08'),
(9, '觀光型酒店', '2018-11-18 09:13:17', '2018-11-18 09:13:17'),
(10, '環保酒店', '2018-11-18 09:14:24', '2018-11-18 09:14:24');

-- --------------------------------------------------------

--
-- 資料表結構 `hotel`
--

CREATE TABLE `hotel` (
  `id` int(11) NOT NULL,
  `name` varchar(255) NOT NULL,
  `star` int(11) NOT NULL,
  `phone` int(11) NOT NULL,
  `category_id` int(11) NOT NULL,
  `default_image` varchar(255) NOT NULL,
  `image` varchar(255) NOT NULL DEFAULT 'null.jpg',
  `body` text NOT NULL COMMENT 'hotel details',
  `coordi_x` varchar(255) NOT NULL,
  `coordi_y` varchar(255) NOT NULL,
  `new` int(11) NOT NULL DEFAULT '0',
  `handling_price` int(11) NOT NULL DEFAULT '0',
  `updated_at` datetime NOT NULL,
  `created_at` datetime NOT NULL,
  `soft_delete` int(11) NOT NULL DEFAULT '0'
) ENGINE=InnoDB DEFAULT CHARSET=utf8;

--
-- 資料表的匯出資料 `hotel`
--

INSERT INTO `hotel` (`id`, `name`, `star`, `phone`, `category_id`, `default_image`, `image`, `body`, `coordi_x`, `coordi_y`, `new`, `handling_price`, `updated_at`, `created_at`, `soft_delete`) VALUES
(40, 'The Peninsula Hong Kong', 5, 23698741, 9, '19912', '1544966763.jpg', '<!DOCTYPE html> <html> <head> </head> <body>\r\n<p><iframe src="//www.youtube.com/embed/4TiSvF79A4o" width="100%" height="400px" allowfullscreen="allowfullscreen"></iframe></p>\r\n<p><span style="font-size: 12pt;"><strong><span style="color: #222222; font-family: arial, sans-serif;">香港半島酒店，為香港上海大酒店有限公司的旗艦酒店，亦是集團首間命名為「半島」的酒店，位於九龍尖沙咀梳士巴利道，是香港現存歷史最悠久的酒店，也是全球最著名及最豪華的酒店之一，為一家甲級高價酒店。基於其極為珍貴的歷史及建築價值，酒店建築被古物古蹟辦事處評審為一級歷史建築。</span></strong></span></p>\r\n</body> </html>', '        22.295077        ', '        114.171799        ', 0, 25, '2018-12-29 16:36:13', '2018-12-16 20:00:00', 0),
(41, 'Hong Kong Ocean Park Marriott Hotel', 5, 23698742, 5, '1901602364', 'null.jpg', '', '22.27526', '114.17226', 0, 0, '2018-12-16 20:00:00', '2018-12-16 20:00:00', 0),
(42, 'Marco Polo Hongkong Hotel', 5, 23698743, 7, '20509', '1545919102.jpg', '<!DOCTYPE html>\r\n<html>\r\n<head>\r\n</head>\r\n<body>\r\n<p style="box-sizing: border-box; margin: 1em 0px; font-size: 1.143em; color: #555555; font-family: myriad-pro-n4, myriad-pro, ''Myriad Pro'', sans-serif;">馬哥孛羅香港酒店聳立於名店林立的尖沙咀廣東道，坐落於九龍地區最繁忙的商業中心及購物熱點，可遠眺世界聞名的維多利亞海港；與天星小輪及郵輪碼頭僅一箭之遙，同時與本地最大型購物商場&mdash;海港城相連，方便客人享受購物、乘坐渡輪觀光之樂趣。</p>\r\n<p style="box-sizing: border-box; margin: 1em 0px; font-size: 1.143em; color: #555555; font-family: myriad-pro-n4, myriad-pro, ''Myriad Pro'', sans-serif;">經過一天緊湊的觀光活動或業務會議之後，客人可在665間客房或套房其中一間休息，利用免費的Wi-Fi無線上網及免費的handy智能旅遊手機，隨時與外界保持聯繫。賓客可使用集多功能於一身的handy智能旅遊手機，透過無限3G流動數據上網，隨時隨地搜尋世界各地資訊外，更可利用handy 智能手機無限撥打本地及國際電話(十個指定地區包括澳洲、中國、德國、日本、韓國、台灣、泰國、菲律賓、英國及美國)，讓賓客身處海外亦能與親友緊密溝通。賓客又可根據手機內置的實用觀光指南及購物、景點門票優惠，盡情探索香港的國際大都會，享受自在旅程。賓客亦可跳入泳池放鬆，或到健身室舒展筋骨。</p>\r\n<p style="box-sizing: border-box; margin: 1em 0px; font-size: 1.143em; color: #555555; font-family: myriad-pro-n4, myriad-pro, ''Myriad Pro'', sans-serif;">貴賓樓層以無與倫比的設施及服務，成為馬哥孛羅酒店待客以誠的標志，是喜歡個人化服務之客人的不二之選。另外，雅悅廳提供自助早餐丶下午茶美點丶全日咖啡及茶，以及黃昏美酒及小食，讓賓客在環境舒適丶格調柔和的氛圍下享受專屬自己的輕松時刻。</p>\r\n<p style="box-sizing: border-box; margin: 1em 0px; font-size: 1.143em; color: #555555; font-family: myriad-pro-n4, myriad-pro, ''Myriad Pro'', sans-serif;">香港號稱&ldquo;亞洲美食之都&rdquo;，酒店備有三間各具特色的餐廳及酒吧，包括意大利餐廳Cucina、全日供應國際美食的馬哥孛羅咖啡廳，以及大堂酒廊。</p>\r\n<p style="box-sizing: border-box; margin: 1em 0px; font-size: 1.143em; color: #555555; font-family: myriad-pro-n4, myriad-pro, ''Myriad Pro'', sans-serif;">無論籌備夢想婚禮還是完美的公司會議，酒店14間設備先進的多功能廳及高貴典雅的百年廳均能滿足不同需求。</p>\r\n<p style="box-sizing: border-box; margin: 1em 0px; font-size: 1.143em; color: #555555; font-family: myriad-pro-n4, myriad-pro, ''Myriad Pro'', sans-serif;">&nbsp;</p>\r\n<p style="box-sizing: border-box; margin: 1em 0px; font-size: 1.143em; color: #555555; font-family: myriad-pro-n4, myriad-pro, ''Myriad Pro'', sans-serif;"><img src="https://d33egvpdakv69f.cloudfront.net/media/images/marco_polo/hotels/hongkong/caring-logo_2018.jpg" alt="" /><img src="https://d33egvpdakv69f.cloudfront.net/media/images/marco_polo/hotels/hongkong/mdlogo_chi-100px.jpeg" alt="" /><img src="https://d33egvpdakv69f.cloudfront.net/media/images/marco_polo/hotels/hongkong/hkma_logo.png" alt="" /><img src="https://d33egvpdakv69f.cloudfront.net/media/images/marco_polo/hotels/hongkong/earth_silver.jpg" alt="" /></p>\r\n</body>\r\n</html>', '   22.296182   ', '   114.169906   ', 0, 10, '2018-12-27 21:58:22', '2018-12-16 20:00:00', 0),
(43, 'L''hotel Nina et Convention Centre', 5, 23698744, 4, '512534', 'null.jpg', '', '22.21918', '114.11892', 0, 0, '2018-12-16 20:00:00', '2018-12-16 20:00:00', 0),
(44, 'Hotel ICON', 5, 23698745, 1, '18958', 'null.jpg', '', '22.22625', '114.11137', 0, 0, '2018-12-16 20:00:00', '2018-12-16 20:00:00', 0),
(45, 'The Park Lane Hong Kong, a Pullman Hotel', 5, 23698746, 9, '20896', 'null.jpg', '', '22.22636', '114.11134', 0, 0, '2018-12-16 20:00:00', '2018-12-16 20:00:00', 0),
(46, 'Harbour Grand Kowloon', 5, 23698747, 1, '485966', 'null.jpg', '<!DOCTYPE html>\r\n<html>\r\n<head>\r\n</head>\r\n<body>\r\n\r\n</body>\r\n</html>', '22.30279029661847', '114.19252324181099', 0, 0, '2018-12-16 22:39:53', '2018-12-16 20:00:00', 0),
(47, 'Hyatt Regency Hong Kong, Sha Tin', 5, 23698748, 9, '19103', 'null.jpg', '<!DOCTYPE html>\r\n<html>\r\n<head>\r\n</head>\r\n<body>\r\n\r\n</body>\r\n</html>', '22.413322156304492', '114.21137204341119', 0, 0, '2018-12-16 22:34:53', '2018-12-16 20:00:00', 0),
(48, 'Hotel VIC on the Harbour', 5, 23698749, 1, '1898743174', 'null.jpg', '', '22.22629', '114.11137', 0, 0, '2018-12-16 20:00:00', '2018-12-16 20:00:00', 0),
(49, 'Hotel Madera Hollywood', 5, 23698750, 8, '48765197', 'null.jpg', '', '22.2195', '114.1201', 0, 0, '2018-12-16 20:00:00', '2018-12-16 20:00:00', 0),
(50, 'The Pottinger Hong Kong', 5, 23698751, 8, '24879402', 'null.jpg', '', '22.297276', '114.172529', 0, 0, '2018-12-16 20:00:00', '2018-12-16 20:00:00', 0),
(51, 'Mira Moon', 5, 23698752, 8, '602812', 'null.jpg', '', '22.21929', '114.11935', 0, 0, '2018-12-16 20:00:00', '2018-12-16 20:00:00', 0),
(52, 'Crowne Plaza Hong Kong Causeway Bay', 5, 23698753, 9, '306579', 'null.jpg', '', '22.2192', '114.11937', 0, 0, '2018-12-16 20:00:00', '2018-12-16 20:00:00', 0),
(53, 'Renaissance Hong Kong Harbour View Hotel', 5, 23698754, 4, '306614', 'null.jpg', '', '22.3276', '114.15891', 0, 0, '2018-12-16 20:00:00', '2018-12-16 20:00:00', 0),
(54, 'Crowne Plaza Hong Kong Kowloon East', 5, 23698755, 1, '555118', 'null.jpg', '', '22.30502', '114.17149', 0, 0, '2018-12-16 20:00:00', '2018-12-16 20:00:00', 0),
(55, 'The HarbourView Place @ the ICC megalopolis', 5, 23698756, 5, '1705341986', 'null.jpg', '', '22.280054', '114.185485', 0, 0, '2018-12-16 20:00:00', '2018-12-16 20:00:00', 0),
(56, 'New World Millennium Hong Kong Hotel', 5, 23698757, 2, '451239', 'null.jpg', '', '22.30862', '114.17108', 0, 0, '2018-12-16 20:00:00', '2018-12-16 20:00:00', 0),
(57, 'The Landmark Mandarin Oriental Hong Kong', 5, 23698758, 9, '306582', 'null.jpg', '', '22.29639', '114.172309', 0, 0, '2018-12-16 20:00:00', '2018-12-16 20:00:00', 0),
(58, 'Regal Airport Hotel', 5, 23698759, 4, '21493', 'null.jpg', '', '22.328', '114.159', 0, 0, '2018-12-16 20:00:00', '2018-12-16 20:00:00', 0),
(59, 'Hotel LKF By Rhombus (Lan Kwai Fong)', 5, 23698760, 10, '8780', 'null.jpg', '', '22.2965', '114.17226', 0, 0, '2018-12-16 20:00:00', '2018-12-16 20:00:00', 0),
(60, 'Disney''s Hollywood Hotel', 5, 23698761, 3, '555865', 'null.jpg', '', '22.22669', '114.11137', 0, 0, '2018-12-16 20:00:00', '2018-12-16 20:00:00', 0),
(61, 'Hullett House', 5, 23698762, 9, '561637', 'null.jpg', '', '22.31958', '114.16844', 0, 0, '2018-12-16 20:00:00', '2018-12-16 20:00:00', 0),
(62, 'Hong Kong SkyCity Marriott Hotel', 5, 23698763, 7, '527932', 'null.jpg', '', '22.28', '114.17992', 0, 0, '2018-12-16 20:00:00', '2018-12-16 20:00:00', 0),
(63, 'The Langham Hong Kong', 5, 23698764, 6, '19511', 'null.jpg', '', '22.31195', '114.17107', 0, 0, '2018-12-16 20:00:00', '2018-12-16 20:00:00', 0),
(64, 'InterContinental Grand Stanford Hong Kong', 5, 23698765, 10, '520683', 'null.jpg', '', '22.29652', '114.17265', 0, 0, '2018-12-16 20:00:00', '2018-12-16 20:00:00', 0),
(65, 'JW Marriott Hotel Hong Kong', 5, 23698766, 3, '19515', 'null.jpg', '', '22.320962', '114.16206', 0, 0, '2018-12-16 20:00:00', '2018-12-16 20:00:00', 0),
(66, 'The Upper House', 5, 23698767, 6, '306571', 'null.jpg', '', '22.21897', '114.11992', 0, 0, '2018-12-16 20:00:00', '2018-12-16 20:00:00', 0),
(67, 'Mandarin Oriental Hong Kong', 5, 23698768, 5, '306602', 'null.jpg', '', '22.21876', '114.12031', 0, 0, '2018-12-16 20:00:00', '2018-12-16 20:00:00', 0),
(68, 'Sheraton Hong Kong Hotel & Towers', 5, 23698769, 6, '436360', 'null.jpg', '', '22.30494', '114.17146', 0, 0, '2018-12-16 20:00:00', '2018-12-16 20:00:00', 0),
(69, 'InterContinental Hong Kong', 5, 23698770, 4, '520684', 'null.jpg', '', '22.319778', '114.170759', 0, 0, '2018-12-16 20:00:00', '2018-12-16 20:00:00', 0),
(70, 'Hyatt Regency Hong Kong Tsim Sha Tsui', 5, 23698771, 3, '532676', 'null.jpg', '', '22.313333', '114.168735', 0, 0, '2018-12-16 20:00:00', '2018-12-16 20:00:00', 0),
(71, 'The Royal Garden', 5, 23698772, 4, '540021', 'null.jpg', '', '22.31984', '114.1707', 0, 0, '2018-12-16 20:00:00', '2018-12-16 20:00:00', 0),
(72, 'Grand Hyatt Hong Kong', 5, 23698773, 2, '18641', 'null.jpg', '', '22.36618', '114.17577', 0, 0, '2018-12-16 20:00:00', '2018-12-16 20:00:00', 0),
(73, 'Harbour Grand Hong Kong', 5, 23698774, 7, '18744', 'null.jpg', '', '22.298577', '114.175032', 0, 0, '2018-12-16 20:00:00', '2018-12-16 20:00:00', 0),
(74, 'The Putman', 5, 23698775, 4, '24879335', 'null.jpg', '', '22.305574', '114.1719', 0, 0, '2018-12-16 20:00:00', '2018-12-16 20:00:00', 0),
(75, 'The Luxe Manor', 5, 23698776, 2, '8604', 'null.jpg', '', '22.281341', '114.185361', 0, 0, '2018-12-16 20:00:00', '2018-12-16 20:00:00', 0),
(76, 'Rosedale Hotel Kowloon', 4, 23698777, 5, '555057', 'null.jpg', '', '22.21932', '114.11939', 0, 0, '2018-12-16 20:00:00', '2018-12-16 20:00:00', 0),
(77, 'Butterfly on Prat Boutique Hotel Tsim Sha Tsui', 4, 23698778, 5, '554828', 'null.jpg', '', '22.30461', '114.17168', 0, 0, '2018-12-16 20:00:00', '2018-12-16 20:00:00', 0),
(78, 'Hotel COZi Oasis', 4, 23698779, 2, '1900862226', 'null.jpg', '', '22.30517', '114.17146', 0, 0, '2018-12-16 20:00:00', '2018-12-16 20:00:00', 0),
(79, 'Lodgewood by L''hotel Mongkok Hong Kong', 4, 23698780, 6, '1936336', 'null.jpg', '', '22.30505', '114.17155', 0, 0, '2018-12-16 20:00:00', '2018-12-16 20:00:00', 0),
(80, 'Bridal Tea House Western District', 4, 23698781, 5, '16495', 'null.jpg', '', '22.30501', '114.17168', 0, 0, '2018-12-16 20:00:00', '2018-12-16 20:00:00', 0),
(81, 'Newton Place Hotel', 4, 23698782, 4, '611538', 'null.jpg', '', '22.3087', '114.17097', 0, 0, '2018-12-16 20:00:00', '2018-12-16 20:00:00', 0),
(82, 'Page148', 4, 23698783, 6, '1902016410', 'null.jpg', '', '22.296356', '114.172825', 0, 0, '2018-12-16 20:00:00', '2018-12-16 20:00:00', 0),
(83, 'S Signature', 4, 23698784, 8, '554978', 'null.jpg', '', '22.29748', '114.17208', 0, 0, '2018-12-16 20:00:00', '2018-12-16 20:00:00', 0),
(84, 'pentahotel Hong Kong, Tuen Mun', 4, 23698785, 6, '1863443733', 'null.jpg', '', '22.21908', '114.11982', 0, 0, '2018-12-16 20:00:00', '2018-12-16 20:00:00', 0),
(85, 'Eight Kwai Fong', 4, 23698786, 4, '1862831895', 'null.jpg', '', '22.36579', '114.134868', 0, 0, '2018-12-16 20:00:00', '2018-12-16 20:00:00', 0),
(86, 'Dorsett Regency', 4, 23698787, 10, '306612', 'null.jpg', '', '22.298471', '114.172407', 0, 0, '2018-12-16 20:00:00', '2018-12-16 20:00:00', 0),
(87, 'Stanley Oriental Hotel', 4, 23698788, 10, '1406985896', 'null.jpg', '', '22.320468', '114.170169', 0, 0, '2018-12-16 20:00:00', '2018-12-16 20:00:00', 0),
(88, 'South Pacific Hotel', 4, 23698789, 1, '306577', 'null.jpg', '', '22.285385', '114.150583', 0, 0, '2018-12-16 20:00:00', '2018-12-16 20:00:00', 0),
(89, 'Cue Boutique Hotel Hong Kong', 4, 23698790, 9, '43783728', 'null.jpg', '', '22.321188', '114.166624', 0, 0, '2018-12-16 20:00:00', '2018-12-16 20:00:00', 0),
(90, 'The Excelsior, Hong Kong', 4, 23698791, 5, '18476', 'null.jpg', '', '22.296388', '114.172521', 0, 0, '2018-12-16 20:00:00', '2018-12-16 20:00:00', 0),
(91, 'Eaton HK', 4, 23698792, 2, '446988', 'null.jpg', '', '22.36623', '114.17587', 0, 0, '2018-12-16 20:00:00', '2018-12-16 20:00:00', 0),
(92, 'L''hotel ??lan', 4, 23698793, 10, '555089', 'null.jpg', '', '22.36623', '114.17586', 0, 0, '2018-12-16 20:00:00', '2018-12-16 20:00:00', 0),
(93, 'Hotel Pennington by Rhombus', 4, 23698794, 7, '1207348', 'null.jpg', '', '22.36969', '114.17929', 0, 0, '2018-12-16 20:00:00', '2018-12-16 20:00:00', 0),
(94, 'Butterfly on Morrison Boutique Hotel Causeway Bay', 4, 23698795, 8, '16546', 'null.jpg', '', '22.32431', '114.16778', 0, 0, '2018-12-16 20:00:00', '2018-12-16 20:00:00', 0),
(95, 'The Harbourview', 4, 23698796, 8, '22051', 'null.jpg', '', '22.297316', '114.1724', 0, 0, '2018-12-16 20:00:00', '2018-12-16 20:00:00', 0),
(96, 'Heritage Lodge', 4, 23698797, 1, '17549767', 'null.jpg', '', '22.285587', '114.151946', 0, 0, '2018-12-16 20:00:00', '2018-12-16 20:00:00', 0),
(97, 'attitude on granville', 4, 23698798, 6, '1249974680', 'null.jpg', '', '22.308787', '114.171225', 0, 0, '2018-12-16 20:00:00', '2018-12-16 20:00:00', 0),
(98, 'Residence G Hong Kong - by Hotel G', 4, 23698799, 6, '8693781', 'null.jpg', '', '22.29736', '114.17097', 0, 0, '2018-12-16 20:00:00', '2018-12-16 20:00:00', 0),
(99, 'Metropark Hotel Kowloon', 4, 23698800, 1, '20544', 'null.jpg', '', '22.303405', '114.170225', 0, 0, '2018-12-16 20:00:00', '2018-12-16 20:00:00', 0),
(100, 'Lanson Place Hotel', 4, 23698801, 10, '8749', 'null.jpg', '', '22.296445', '114.172511', 0, 0, '2018-12-16 20:00:00', '2018-12-16 20:00:00', 0),
(101, 'Harbour Plaza Metropolis', 4, 23698802, 8, '481653', 'null.jpg', '', '22.21915', '114.11995', 0, 0, '2018-12-16 20:00:00', '2018-12-16 20:00:00', 0),
(102, 'Shama Central', 4, 23698803, 2, '1051278', 'null.jpg', '', '22.30437', '114.17147', 0, 0, '2018-12-16 20:00:00', '2018-12-16 20:00:00', 0),
(103, 'Two MacDonnell Road', 4, 23698804, 7, '22391', 'null.jpg', '', '22.29747', '114.17194', 0, 0, '2018-12-16 20:00:00', '2018-12-16 20:00:00', 0),
(104, 'Lan Kwai Fong Hotel @ Kau U Fong', 4, 23698805, 6, '19827', 'null.jpg', '', '22.30486', '114.17149', 0, 0, '2018-12-16 20:00:00', '2018-12-16 20:00:00', 0),
(105, 'CHI Residences 279', 4, 23698806, 4, '554956', 'null.jpg', '', '22.3162', '114.17339', 0, 0, '2018-12-16 20:00:00', '2018-12-16 20:00:00', 0),
(106, 'Brighton Hotel Hong Kong', 4, 23698807, 10, '5380033', 'null.jpg', '', '22.31629', '114.17333', 0, 0, '2018-12-16 20:00:00', '2018-12-16 20:00:00', 0),
(107, 'Cosmo Hotel Hong Kong', 4, 23698808, 8, '306562', 'null.jpg', '', '22.30875', '114.170929', 0, 0, '2018-12-16 20:00:00', '2018-12-16 20:00:00', 0),
(108, 'Hotel Madera Hong Kong', 4, 23698809, 2, '20468', 'null.jpg', '', '22.297723', '114.171896', 0, 0, '2018-12-16 20:00:00', '2018-12-16 20:00:00', 0),
(109, 'Tai O Heritage Hotel', 4, 23698810, 3, '586316', 'null.jpg', '', '22.29761', '114.17202', 0, 0, '2018-12-16 20:00:00', '2018-12-16 20:00:00', 0),
(110, 'The Empire Hotel Kowloon - Tsim Sha Tsui', 4, 23698811, 6, '480768', 'null.jpg', '', '22.36619', '114.17579', 0, 0, '2018-12-16 20:00:00', '2018-12-16 20:00:00', 0),
(111, 'iclub Sheung Wan Hotel', 4, 23698812, 10, '18122848', 'null.jpg', '', '22.32337', '114.17059', 0, 0, '2018-12-16 20:00:00', '2018-12-16 20:00:00', 0),
(112, 'Le Petit Rosedale Hotel Hong Kong', 4, 23698813, 3, '1407002195', 'null.jpg', '', '22.36553', '114.17568', 0, 0, '2018-12-16 20:00:00', '2018-12-16 20:00:00', 0),
(113, 'Ovolo Noho ??ᡧ 286 Queen????s Road Central', 4, 23698814, 6, '555009', 'null.jpg', '', '22.32004', '114.16899', 0, 0, '2018-12-16 20:00:00', '2018-12-16 20:00:00', 0),
(114, 'Auberge Discovery Bay Hong Kong', 4, 23698815, 7, '555137', 'null.jpg', '', '22.2193', '114.11932', 0, 0, '2018-12-16 20:00:00', '2018-12-16 20:00:00', 0),
(115, 'V Wanchai 2 Hotel', 4, 23698816, 6, '306584', 'null.jpg', '', '22.308949', '114.218245', 0, 0, '2018-12-16 20:00:00', '2018-12-16 20:00:00', 0),
(116, 'Mira Cube', 4, 23698817, 3, '34296069', 'null.jpg', '', '22.296366', '114.172296', 0, 0, '2018-12-16 20:00:00', '2018-12-16 20:00:00', 0),
(117, 'L''hotel Causeway Bay Harbour View', 4, 23698818, 6, '306578', 'null.jpg', '', '22.29803', '114.17244', 0, 0, '2018-12-16 20:00:00', '2018-12-16 20:00:00', 0),
(118, 'Wharney Guang Dong Hong Kong', 4, 23698819, 2, '554875', 'null.jpg', '', '22.285802', '114.191968', 0, 0, '2018-12-16 20:00:00', '2018-12-16 20:00:00', 0),
(119, 'Bay Bridge Lifestyle Retreat, managed by Tang????s Living', 4, 23698820, 9, '1787598', 'null.jpg', '', '22.31876', '114.16967', 0, 0, '2018-12-16 20:00:00', '2018-12-16 20:00:00', 0),
(120, 'Hotel Pravo Hong Kong', 4, 23698821, 7, '47019319', 'null.jpg', '', '22.31993', '114.17065', 0, 0, '2018-12-16 20:00:00', '2018-12-16 20:00:00', 0),
(121, 'iclub Fortress Hill Hotel', 4, 23698822, 1, '38721539', 'null.jpg', '', '22.284056', '114.153646', 0, 0, '2018-12-16 20:00:00', '2018-12-16 20:00:00', 0),
(122, 'L''hotel Island South', 4, 23698823, 8, '549611', 'null.jpg', '', '22.307212', '114.166768', 0, 0, '2018-12-16 20:00:00', '2018-12-16 20:00:00', 0),
(123, 'Citadines Harbourview Hong Kong', 4, 23698824, 9, '3296671', 'null.jpg', '', '22.249779', '114.149569', 0, 0, '2018-12-16 20:00:00', '2018-12-16 20:00:00', 0),
(124, 'Stanford Hotel Hong Kong', 4, 23698825, 10, '554886', 'null.jpg', '', '22.2763', '114.17164', 0, 0, '2018-12-16 20:00:00', '2018-12-16 20:00:00', 0),
(125, 'Pentahotel Hong Kong, Kowloon', 4, 23698826, 6, '5810658', 'null.jpg', '', '22.29643', '114.17252', 0, 0, '2018-12-16 20:00:00', '2018-12-16 20:00:00', 0),
(126, 'Royal Park Hotel', 4, 23698827, 1, '494146', 'null.jpg', '', '22.29649', '114.17291', 0, 0, '2018-12-16 20:00:00', '2018-12-16 20:00:00', 0),
(127, 'Citadines Mercer Hong Kong', 4, 23698828, 6, '22102', 'null.jpg', '', '22.297948', '114.17185', 0, 0, '2018-12-16 20:00:00', '2018-12-16 20:00:00', 0),
(128, 'Grand City Hotel', 4, 23698829, 5, '48765195', 'null.jpg', '', '22.248101', '114.155899', 0, 0, '2018-12-16 20:00:00', '2018-12-16 20:00:00', 0),
(129, 'Best Western Hotel Causeway Bay', 4, 23698830, 8, '16365', 'null.jpg', '', '22.310558', '114.175151', 0, 0, '2018-12-16 20:00:00', '2018-12-16 20:00:00', 0),
(130, 'Grand View Hotel', 4, 23698831, 2, '1863497272', 'null.jpg', '', '22.298317', '114.181057', 0, 0, '2018-12-16 20:00:00', '2018-12-16 20:00:00', 0),
(131, 'Renaissance Kowloon Hotel Hong Kong', 4, 23698832, 10, '1030336', 'null.jpg', '', '22.2868', '114.13917', 0, 0, '2018-12-16 20:00:00', '2018-12-16 20:00:00', 0),
(132, 'Regal Riverside Hotel', 4, 23698833, 9, '21556', 'null.jpg', '', '22.27992', '114.17969', 0, 0, '2018-12-16 20:00:00', '2018-12-16 20:00:00', 0),
(133, 'Courtyard by Marriott Hong Kong', 4, 23698834, 8, '17629', 'null.jpg', '', '22.28002', '114.17988', 0, 0, '2018-12-16 20:00:00', '2018-12-16 20:00:00', 0),
(134, 'Regal Kowloon Hotel', 4, 23698835, 3, '21515', 'null.jpg', '', '22.21944', '114.1202', 0, 0, '2018-12-16 20:00:00', '2018-12-16 20:00:00', 0),
(135, 'Hotel Ease Access Tsuen Wan', 4, 23698836, 2, '1899538613', 'null.jpg', '', '22.304633', '114.172177', 0, 0, '2018-12-16 20:00:00', '2018-12-16 20:00:00', 0),
(136, 'Silka Tsuen Wan, Hong Kong', 4, 23698837, 3, '1637858803', 'null.jpg', '', '22.29955', '114.1731', 0, 0, '2018-12-16 20:00:00', '2018-12-16 20:00:00', 0),
(137, 'Gloucester Hotel', 4, 23698838, 8, '44454183', 'null.jpg', '', '22.3145', '114.16917', 0, 0, '2018-12-16 20:00:00', '2018-12-16 20:00:00', 0),
(138, 'iclub Wan Chai Hotel', 4, 23698839, 7, '306591', 'null.jpg', '', '22.30522', '114.17188', 0, 0, '2018-12-16 20:00:00', '2018-12-16 20:00:00', 0),
(139, 'The Perkin Hotel', 4, 23698840, 8, '47959101', 'null.jpg', '', '22.30083', '114.17354', 0, 0, '2018-12-16 20:00:00', '2018-12-16 20:00:00', 0),
(140, 'City Garden Hotel', 4, 23698841, 9, '306569', 'null.jpg', '', '22.29723', '114.17253', 0, 0, '2018-12-16 20:00:00', '2018-12-16 20:00:00', 0),
(141, 'Hotel Ease Tsuen Wan', 4, 23698842, 5, '1659498517', 'null.jpg', '', '22.296358', '114.172325', 0, 0, '2018-12-16 20:00:00', '2018-12-16 20:00:00', 0),
(142, 'Gateway Hotel, Marco Polo', 4, 23698843, 5, '18609', 'null.jpg', '', '22.3218', '114.169', 0, 0, '2018-12-16 20:00:00', '2018-12-16 20:00:00', 0),
(143, 'Gloucester Luk Kwok Hong Kong', 4, 23698844, 2, '306616', 'null.jpg', '', '22.297537', '114.171944', 0, 0, '2018-12-16 20:00:00', '2018-12-16 20:00:00', 0),
(144, 'Butterfly on Wellington Boutique Hotel Central', 4, 23698845, 1, '306598', 'null.jpg', '', '22.296501', '114.172803', 0, 0, '2018-12-16 20:00:00', '2018-12-16 20:00:00', 0),
(145, 'Courtyard by Marriott Hong Kong Sha Tin', 4, 23698846, 5, '612038', 'null.jpg', '', '22.30723', '114.16558', 0, 0, '2018-12-16 20:00:00', '2018-12-16 20:00:00', 0),
(146, 'B P International', 4, 23698847, 2, '16322', 'null.jpg', '', '22.30035', '114.17313', 0, 0, '2018-12-16 20:00:00', '2018-12-16 20:00:00', 0),
(147, 'Silvermine Beach Resort', 4, 23698848, 1, '21809', 'null.jpg', '', '22.27901', '114.1787', 0, 0, '2018-12-16 20:00:00', '2018-12-16 20:00:00', 0),
(148, 'Sohotel', 4, 23698849, 9, '21823', 'null.jpg', '', '22.31373', '114.17109', 0, 0, '2018-12-16 20:00:00', '2018-12-16 20:00:00', 0),
(149, 'Regal Oriental Hotel', 4, 23698850, 3, '21541', 'null.jpg', '', '22.27624', '114.17102', 0, 0, '2018-12-16 20:00:00', '2018-12-16 20:00:00', 0),
(150, '60 West Hotel', 4, 23698851, 1, '783888', 'null.jpg', '', '22.27625', '114.17093', 0, 0, '2018-12-16 20:00:00', '2018-12-16 20:00:00', 0),
(151, 'Panda Hotel', 4, 23698852, 8, '449220', 'null.jpg', '', '22.27625', '114.17096', 0, 0, '2018-12-16 20:00:00', '2018-12-16 20:00:00', 0),
(152, 'Park Hotel Hong Kong', 4, 23698853, 2, '20874', 'null.jpg', '', '22.27617', '114.17102', 0, 0, '2018-12-16 20:00:00', '2018-12-16 20:00:00', 0),
(153, 'The Connaught', 4, 23698854, 7, '1901381183', 'null.jpg', '', '22.306309', '114.170533', 0, 0, '2018-12-16 20:00:00', '2018-12-16 20:00:00', 0),
(154, 'Shama Island North', 4, 23698855, 9, '1901495809', 'null.jpg', '', '22.296408', '114.172454', 0, 0, '2018-12-16 20:00:00', '2018-12-16 20:00:00', 0),
(155, 'Metropark Hotel Causeway Bay Hong Kong', 4, 23698856, 2, '306596', 'null.jpg', '', '22.31209', '114.21965', 0, 0, '2018-12-16 20:00:00', '2018-12-16 20:00:00', 0),
(156, 'V Causeway Bay', 4, 23698857, 8, '22406', 'null.jpg', '', '22.319252', '114.170154', 0, 0, '2018-12-16 20:00:00', '2018-12-16 20:00:00', 0),
(157, 'Butterfly on Waterfront Boutique Hotel Sheung Wan', 4, 23698858, 3, '18939', 'null.jpg', '', '22.32418', '114.189411', 0, 0, '2018-12-16 20:00:00', '2018-12-16 20:00:00', 0),
(158, 'CHI Residences 314', 4, 23698859, 3, '4724994', 'null.jpg', '', '22.305942', '114.172018', 0, 0, '2018-12-16 20:00:00', '2018-12-16 20:00:00', 0),
(159, 'Emperor (Happy Valley) Hotel', 4, 23698860, 10, '17703', 'null.jpg', '', '22.281654', '114.18337', 0, 0, '2018-12-16 20:00:00', '2018-12-16 20:00:00', 0),
(160, 'East Hong Kong', 4, 23698861, 7, '306583', 'null.jpg', '', '22.303233', '114.174708', 0, 0, '2018-12-16 20:00:00', '2018-12-16 20:00:00', 0),
(161, 'Harbour Plaza Resort City', 4, 23698862, 2, '484778', 'null.jpg', '', '22.275474', '114.171581', 0, 0, '2018-12-16 20:00:00', '2018-12-16 20:00:00', 0),
(162, 'Harbour Plaza 8 Degrees', 4, 23698863, 2, '18782', 'null.jpg', '', '22.247428', '114.175858', 0, 0, '2018-12-16 20:00:00', '2018-12-16 20:00:00', 0),
(163, 'V Wanchai Hotel', 4, 23698864, 2, '306580', 'null.jpg', '', '22.284966', '114.1502', 0, 0, '2018-12-16 20:00:00', '2018-12-16 20:00:00', 0),
(164, 'Ovolo Southside', 4, 23698865, 5, '28158082', 'null.jpg', '', '22.27773', '114.17915', 0, 0, '2018-12-16 20:00:00', '2018-12-16 20:00:00', 0),
(165, 'Eco Tree Hotel Causeway Bay', 4, 23698866, 10, '1900732392', 'null.jpg', '', '22.227019', '114.109999', 0, 0, '2018-12-16 20:00:00', '2018-12-16 20:00:00', 0),
(166, 'Dorsett Kwun Tong, Hong Kong', 4, 23698867, 7, '555100', 'null.jpg', '', '22.2973', '114.17261', 0, 0, '2018-12-16 20:00:00', '2018-12-16 20:00:00', 0),
(167, 'Somerset Victoria Park Hong Kong', 4, 23698868, 7, '35566927', 'null.jpg', '', '22.2793', '114.18527', 0, 0, '2018-12-16 20:00:00', '2018-12-16 20:00:00', 0),
(168, 'The Kimberley Hotel', 4, 23698869, 8, '529176', 'null.jpg', '', '22.395629', '113.972396', 0, 0, '2018-12-16 20:00:00', '2018-12-16 20:00:00', 0),
(169, 'Novotel Nathan Road Kowloon', 4, 23698870, 4, '20795', 'null.jpg', '', '22.326792', '114.177877', 0, 0, '2018-12-16 20:00:00', '2018-12-16 20:00:00', 0),
(170, 'The Royal Pacific Hotel & Towers', 4, 23698871, 1, '446038', 'null.jpg', '', '22.277863', '114.186433', 0, 0, '2018-12-16 20:00:00', '2018-12-16 20:00:00', 0),
(171, 'Prince Hotel, Marco Polo', 4, 23698872, 4, '449208', 'null.jpg', '', '22.31275', '114.223056', 0, 0, '2018-12-16 20:00:00', '2018-12-16 20:00:00', 0),
(172, 'Garden View Hong Kong', 4, 23698873, 6, '521704', 'null.jpg', '', '22.29011', '114.19546', 0, 0, '2018-12-16 20:00:00', '2018-12-16 20:00:00', 0),
(173, 'Harbour Plaza North Point', 4, 23698874, 6, '18814', 'null.jpg', '', '22.31593', '114.16763', 0, 0, '2018-12-16 20:00:00', '2018-12-16 20:00:00', 0),
(174, 'Best Western Hotel Harbour View', 4, 23698875, 3, '555091', 'null.jpg', '', '22.266677', '114.187195', 0, 0, '2018-12-16 20:00:00', '2018-12-16 20:00:00', 0),
(175, 'Empire Hotel Causeway Bay', 4, 23698876, 3, '17743', 'null.jpg', '', '22.320431', '114.162736', 0, 0, '2018-12-16 20:00:00', '2018-12-16 20:00:00', 0),
(176, 'GDH Hotel - Formerly Guangdong Hotel Hong Kong', 4, 23698877, 4, '18674', 'null.jpg', '', '22.29641', '114.172634', 0, 0, '2018-12-16 20:00:00', '2018-12-16 20:00:00', 0),
(177, 'Stanford Hillview Hotel Hong Kong', 4, 23698878, 6, '21928', 'null.jpg', '', '22.29639', '114.172443', 0, 0, '2018-12-16 20:00:00', '2018-12-16 20:00:00', 0),
(178, 'The Salisbury - YMCA of Hong Kong', 4, 23698879, 3, '22588', 'null.jpg', '', '22.316946', '114.169583', 0, 0, '2018-12-16 20:00:00', '2018-12-16 20:00:00', 0),
(179, 'The Kowloon Hotel', 4, 23698880, 9, '22069', 'null.jpg', '', '22.280275', '114.223649', 0, 0, '2018-12-16 20:00:00', '2018-12-16 20:00:00', 0),
(180, 'Best Western Plus Hotel Kowloon', 4, 23698881, 2, '459002', 'null.jpg', '', '22.316654', '114.167819', 0, 0, '2018-12-16 20:00:00', '2018-12-16 20:00:00', 0),
(181, 'Twenty One Whitfield', 4, 23698882, 1, '1495667', 'null.jpg', '', '22.295445', '114.169294', 0, 0, '2018-12-16 20:00:00', '2018-12-16 20:00:00', 0),
(182, '99 Bonham', 4, 23698883, 2, '1486628', 'null.jpg', '', '22.285976', '114.13195', 0, 0, '2018-12-16 20:00:00', '2018-12-16 20:00:00', 0),
(183, 'Dorsett Tsuen Wan, Hong Kong', 4, 23698884, 3, '13364918', 'null.jpg', '', '22.297892', '114.175365', 0, 0, '2018-12-16 20:00:00', '2018-12-16 20:00:00', 0),
(184, 'Ovolo 256 Tung Chau Street Hotel', 3, 23698885, 3, '20810', 'null.jpg', '', '22.296331', '114.172721', 0, 0, '2018-12-16 20:00:00', '2018-12-16 20:00:00', 0),
(185, 'Lumine Hotel', 3, 23698886, 3, '1901229429', 'null.jpg', '', '22.36862', '114.113689', 0, 0, '2018-12-16 20:00:00', '2018-12-16 20:00:00', 0),
(186, 'M1 Hotel Mong Kok', 3, 23698887, 3, '29900066', 'null.jpg', '', '22.3087', '114.17129', 0, 0, '2018-12-16 20:00:00', '2018-12-16 20:00:00', 0),
(187, 'Holiday Inn Express Hong Kong Soho', 3, 23698888, 2, '555065', 'null.jpg', '', '22.265688', '113.996705', 0, 0, '2018-12-16 20:00:00', '2018-12-16 20:00:00', 0),
(188, 'San Diego Hotel Hong Kong', 3, 23698889, 10, '5376496', 'null.jpg', '', '22.27645', '114.17121', 0, 0, '2018-12-16 20:00:00', '2018-12-16 20:00:00', 0),
(189, 'Equinox Mercury Serviced Apartments', 3, 23698890, 5, '555062', 'null.jpg', '', '22.443921', '114.033185', 0, 0, '2018-12-16 20:00:00', '2018-12-16 20:00:00', 0),
(190, 'Mingle At The Eden', 3, 23698891, 8, '555067', 'null.jpg', '', '22.29819', '114.16866', 0, 0, '2018-12-16 20:00:00', '2018-12-16 20:00:00', 0),
(191, 'Caritas Oswald Cheung International House', 3, 23698892, 7, '17472', 'null.jpg', '', '22.276874', '114.187569', 0, 0, '2018-12-16 20:00:00', '2018-12-16 20:00:00', 0),
(192, 'Goodrich Hotel Hong Kong', 3, 23698893, 1, '778136', 'null.jpg', '', '22.321772', '114.168603', 0, 0, '2018-12-16 20:00:00', '2018-12-16 20:00:00', 0),
(193, 'Bridal Tea House Hotel - To Kwa Wan', 3, 23698894, 10, '16427', 'null.jpg', '', '22.305612', '114.171766', 0, 0, '2018-12-16 20:00:00', '2018-12-16 20:00:00', 0),
(194, 'Caritas Lodge', 3, 23698895, 7, '555042', 'null.jpg', '', '22.29734', '114.17265', 0, 0, '2018-12-16 20:00:00', '2018-12-16 20:00:00', 0),
(195, 'Holiday Inn Express Hong Kong Kowloon CBD2', 3, 23698896, 7, '1900137612', 'null.jpg', '', '22.286786', '114.152525', 0, 0, '2018-12-16 20:00:00', '2018-12-16 20:00:00', 0),
(196, 'Silka West Kowloon Hotel', 3, 23698897, 1, '495645', 'null.jpg', '', '22.299544', '114.173686', 0, 0, '2018-12-16 20:00:00', '2018-12-16 20:00:00', 0),
(197, 'Harbour Hotel', 3, 23698898, 1, '18767', 'null.jpg', '', '22.318327', '114.169071', 0, 0, '2018-12-16 20:00:00', '2018-12-16 20:00:00', 0),
(198, 'The Bauhinia Hotel - Central', 3, 23698899, 9, '21981', 'null.jpg', '', '22.21871', '114.211024', 0, 0, '2018-12-16 20:00:00', '2018-12-16 20:00:00', 0),
(199, 'Noble Park Hotel', 3, 23698900, 10, '38459170', 'null.jpg', '', '22.308581', '114.171151', 0, 0, '2018-12-16 20:00:00', '2018-12-16 20:00:00', 0),
(200, 'Tung Nam Lou', 3, 23698901, 5, '1900835792', 'null.jpg', '', '22.30441', '114.17134', 0, 0, '2018-12-16 20:00:00', '2018-12-16 20:00:00', 0),
(201, 'Citadines Ashley Hongkong', 3, 23698902, 3, '17557', 'null.jpg', '', '22.27947', '114.18076', 0, 0, '2018-12-16 20:00:00', '2018-12-16 20:00:00', 0),
(202, 'Mia Casa Hotel', 3, 23698903, 7, '20660', 'null.jpg', '', '22.277397', '114.180232', 0, 0, '2018-12-16 20:00:00', '2018-12-16 20:00:00', 0),
(203, 'Evergreen Hotel', 3, 23698904, 3, '517058', 'null.jpg', '', '22.21915', '114.119', 0, 0, '2018-12-16 20:00:00', '2018-12-16 20:00:00', 0),
(204, '9 Boutique Hotel', 3, 23698905, 9, '4975375', 'null.jpg', '', '22.299731', '114.174683', 0, 0, '2018-12-16 20:00:00', '2018-12-16 20:00:00', 0),
(205, 'Rambler Garden Hotel', 3, 23698906, 9, '507755', 'null.jpg', '', '22.30449', '114.1713', 0, 0, '2018-12-16 20:00:00', '2018-12-16 20:00:00', 0),
(206, 'Casa Deluxe Hotel', 3, 23698907, 7, '2424086', 'null.jpg', '', '22.280643', '114.176257', 0, 0, '2018-12-16 20:00:00', '2018-12-16 20:00:00', 0),
(207, 'A3 Hotel', 3, 23698908, 7, '21904152', 'null.jpg', '', '22.29808', '114.17184', 0, 0, '2018-12-16 20:00:00', '2018-12-16 20:00:00', 0),
(208, 'Dash Hotel on Minden', 3, 23698909, 8, '1901381181', 'null.jpg', '', '22.2761', '114.1698', 0, 0, '2018-12-16 20:00:00', '2018-12-16 20:00:00', 0),
(209, 'Shamrock Hotel', 3, 23698910, 4, '21776', 'null.jpg', '', '22.297612', '114.17263', 0, 0, '2018-12-16 20:00:00', '2018-12-16 20:00:00', 0),
(210, 'Causeway Corner', 3, 23698911, 9, '555056', 'null.jpg', '', '22.296308', '114.172548', 0, 0, '2018-12-16 20:00:00', '2018-12-16 20:00:00', 0),
(211, 'Walden Hotel', 3, 23698912, 6, '22463', 'null.jpg', '', '22.300808', '114.179556', 0, 0, '2018-12-16 20:00:00', '2018-12-16 20:00:00', 0),
(212, 'M1 Hotel', 3, 23698913, 9, '19951', 'null.jpg', '', '22.31078', '114.1702', 0, 0, '2018-12-16 20:00:00', '2018-12-16 20:00:00', 0),
(213, 'The Salvation Army - Booth Lodge', 3, 23698914, 9, '555085', 'null.jpg', '', '22.317398', '114.170572', 0, 0, '2018-12-16 20:00:00', '2018-12-16 20:00:00', 0),
(214, 'Ibis North Point', 3, 23698915, 9, '306593', 'null.jpg', '', '22.307779', '114.165905', 0, 0, '2018-12-16 20:00:00', '2018-12-16 20:00:00', 0),
(215, 'Cruise Hotel', 3, 23698916, 5, '1900870887', 'null.jpg', '', '22.303925', '114.172583', 0, 0, '2018-12-16 20:00:00', '2018-12-16 20:00:00', 0),
(216, 'The Imperial Hotel', 3, 23698917, 10, '19132', 'null.jpg', '', '22.282135', '114.184285', 0, 0, '2018-12-16 20:00:00', '2018-12-16 20:00:00', 0),
(217, 'The Bauhinia Hotel - Tsim Sha Tsui', 3, 23698918, 2, '554995', 'null.jpg', '', '22.308483', '114.171115', 0, 0, '2018-12-16 20:00:00', '2018-12-16 20:00:00', 0),
(218, 'Hotel Ease Access Wan Chai', 3, 23698919, 5, '1898504784', 'null.jpg', '', '22.32009', '114.16973', 0, 0, '2018-12-16 20:00:00', '2018-12-16 20:00:00', 0),
(219, 'Travelodge Kowloon', 3, 23698920, 2, '1586734', 'null.jpg', '', '22.31411', '114.17022', 0, 0, '2018-12-16 20:00:00', '2018-12-16 20:00:00', 0),
(220, 'Minimal Hotel Urban', 3, 23698921, 8, '1899507023', 'null.jpg', '', '22.308732', '114.171169', 0, 0, '2018-12-16 20:00:00', '2018-12-16 20:00:00', 0),
(221, 'The Anne Black Ywca Hotel', 3, 23698922, 7, '521719', 'null.jpg', '', '22.308004', '114.171585', 0, 0, '2018-12-16 20:00:00', '2018-12-16 20:00:00', 0),
(222, 'Lander Hotel Prince Edward', 3, 23698923, 5, '555131', 'null.jpg', '', '22.30857', '114.171177', 0, 0, '2018-12-16 20:00:00', '2018-12-16 20:00:00', 0),
(223, 'Minimal Hotel Culture', 3, 23698924, 5, '1478189364', 'null.jpg', '', '22.319682', '114.170799', 0, 0, '2018-12-16 20:00:00', '2018-12-16 20:00:00', 0),
(224, 'Ibis Hong Kong Central & Sheung Wan', 3, 23698925, 1, '555086', 'null.jpg', '', '22.30311', '114.17203', 0, 0, '2018-12-16 20:00:00', '2018-12-16 20:00:00', 0),
(225, 'Chelsea Hotel', 3, 23698926, 10, '555043', 'null.jpg', '', '22.297189', '114.171545', 0, 0, '2018-12-16 20:00:00', '2018-12-16 20:00:00', 0),
(226, 'Bridal Tea House (Tai Kok Tsui - Li Tak Street) Hotel Hong Kong', 3, 23698927, 6, '16478', 'null.jpg', '', '22.314074', '114.219162', 0, 0, '2018-12-16 20:00:00', '2018-12-16 20:00:00', 0),
(227, 'Hotel 108', 3, 23698928, 8, '1728222021', 'null.jpg', '', '22.29736', '114.172353', 0, 0, '2018-12-16 20:00:00', '2018-12-16 20:00:00', 0),
(228, 'Shanghai Red Hotel', 3, 23698929, 6, '46743402', 'null.jpg', '', '22.281289', '114.186463', 0, 0, '2018-12-16 20:00:00', '2018-12-16 20:00:00', 0),
(229, 'Hotel Pandora', 3, 23698930, 6, '12922840', 'null.jpg', '', '22.278859', '114.179039', 0, 0, '2018-12-16 20:00:00', '2018-12-16 20:00:00', 0),
(230, 'West Hotel', 3, 23698931, 10, '693240', 'null.jpg', '', '22.31204', '114.17027', 0, 0, '2018-12-16 20:00:00', '2018-12-16 20:00:00', 0),
(231, 'Bridal Tea House Hotel - Tai Kok Tsui Anchor St.', 3, 23698932, 8, '554984', 'null.jpg', '', '22.30339', '114.17267', 0, 0, '2018-12-16 20:00:00', '2018-12-16 20:00:00', 0),
(232, 'B & B Cheung Chau', 3, 23698933, 4, '48042876', 'null.jpg', '', '22.2979', '114.17539', 0, 0, '2018-12-16 20:00:00', '2018-12-16 20:00:00', 0),
(233, 'Metroplace Olympic Hotel', 3, 23698934, 7, '1691467381', 'null.jpg', '', '22.278783', '114.186033', 0, 0, '2018-12-16 20:00:00', '2018-12-16 20:00:00', 0),
(234, 'Casa Hotel', 3, 23698935, 5, '534122', 'null.jpg', '', '22.296336', '114.172318', 0, 0, '2018-12-16 20:00:00', '2018-12-16 20:00:00', 0),
(235, 'Xi Hotel', 3, 23698936, 4, '22495', 'null.jpg', '', '22.296415', '114.17247', 0, 0, '2018-12-16 20:00:00', '2018-12-16 20:00:00', 0),
(236, 'The Burlington', 3, 23698937, 4, '611458', 'null.jpg', '', '22.276895', '114.180452', 0, 0, '2018-12-16 20:00:00', '2018-12-16 20:00:00', 0),
(237, 'Bridal Tea House (Bluejay)', 3, 23698938, 1, '306564', 'null.jpg', '', '22.299175', '114.174508', 0, 0, '2018-12-16 20:00:00', '2018-12-16 20:00:00', 0),
(238, 'Silka Far East Hotel', 3, 23698939, 10, '507857', 'null.jpg', '', '22.280211', '114.170925', 0, 0, '2018-12-16 20:00:00', '2018-12-16 20:00:00', 0),
(239, 'Largos Hotel', 3, 23698940, 1, '554928', 'null.jpg', '', '22.29642', '114.172793', 0, 0, '2018-12-16 20:00:00', '2018-12-16 20:00:00', 0),
(240, 'H1 Hotel', 3, 23698941, 6, '2807076', 'null.jpg', '', '22.279541', '114.182456', 0, 0, '2018-12-16 20:00:00', '2018-12-16 20:00:00', 0),
(241, 'Y Loft', 3, 23698942, 4, '554952', 'null.jpg', '', '22.296514', '114.172543', 0, 0, '2018-12-16 20:00:00', '2018-12-16 20:00:00', 0),
(242, 'Inn Hotel Hong Kong', 3, 23698943, 4, '46980447', 'null.jpg', '', '22.296399', '114.172483', 0, 0, '2018-12-16 20:00:00', '2018-12-16 20:00:00', 0),
(243, 'M3 International Youth Community-TST', 3, 23698944, 7, '1899346585', 'null.jpg', '', '22.33792', '114.141786', 0, 0, '2018-12-16 20:00:00', '2018-12-16 20:00:00', 0),
(244, 'Concerto Inn', 3, 23698945, 9, '554976', 'null.jpg', '', '22.299855', '114.173753', 0, 0, '2018-12-16 20:00:00', '2018-12-16 20:00:00', 0),
(245, 'Hotel LBP', 3, 23698946, 9, '18971', 'null.jpg', '', '22.307489', '114.171883', 0, 0, '2018-12-16 20:00:00', '2018-12-16 20:00:00', 0),
(246, 'Bridal Tea House Hotel - Yaumatei', 3, 23698947, 3, '554980', 'null.jpg', '', '22.302123', '114.176327', 0, 0, '2018-12-16 20:00:00', '2018-12-16 20:00:00', 0),
(247, 'Sunny Day Hotel Mongkok', 3, 23698948, 3, '554997', 'null.jpg', '', '22.311354', '114.175688', 0, 0, '2018-12-16 20:00:00', '2018-12-16 20:00:00', 0),
(248, 'Cosco Hotel', 3, 23698949, 6, '554898', 'null.jpg', '', '22.298505', '114.173969', 0, 0, '2018-12-16 20:00:00', '2018-12-16 20:00:00', 0),
(249, 'Silka Seaview Hotel', 3, 23698950, 4, '494901', 'null.jpg', '', '22.298006', '114.174846', 0, 0, '2018-12-16 20:00:00', '2018-12-16 20:00:00', 0),
(250, 'JJ Hotel', 3, 23698951, 1, '554948', 'null.jpg', '', '22.297306', '114.172424', 0, 0, '2018-12-16 20:00:00', '2018-12-16 20:00:00', 0),
(251, 'AKVO Hotel', 3, 23698952, 7, '1900452669', 'null.jpg', '', '22.322542', '114.170851', 0, 0, '2018-12-16 20:00:00', '2018-12-16 20:00:00', 0),
(252, 'The Ten Hotel', 3, 23698953, 2, '25392082', 'null.jpg', '', '22.296425', '114.172368', 0, 0, '2018-12-16 20:00:00', '2018-12-16 20:00:00', 0),
(253, 'Train Inn', 2, 23698954, 8, '1736387209', 'null.jpg', '', '22.296415', '114.172422', 0, 0, '2018-12-16 20:00:00', '2018-12-16 20:00:00', 0),
(254, 'Caribbean Sea Guest House', 2, 23698955, 5, '1032494', 'null.jpg', '', '22.298049', '114.172017', 0, 0, '2018-12-16 20:00:00', '2018-12-16 20:00:00', 0),
(255, 'Out of booking', 2, 23698956, 6, '1900809107', 'null.jpg', '', '22.313695', '114.170043', 0, 0, '2018-12-16 20:00:00', '2018-12-16 20:00:00', 0),
(256, 'Pandora Inn @Jordan', 2, 23698957, 8, '1901053327', 'null.jpg', '', '22.296884', '114.170684', 0, 0, '2018-12-16 20:00:00', '2018-12-16 20:00:00', 0),
(257, 'Pandora After 80s Hotel CWB', 2, 23698958, 1, '1901024117', 'null.jpg', '', '22.29642', '114.172485', 0, 0, '2018-12-16 20:00:00', '2018-12-16 20:00:00', 0),
(258, 'ZEN Rooms S Hotel Hong Kong Mongkok', 2, 23698959, 4, '1269057805', 'null.jpg', '', '22.287686', '114.149667', 0, 0, '2018-12-16 20:00:00', '2018-12-16 20:00:00', 0),
(259, 'New Style Guest House', 2, 23698960, 8, '708998', 'null.jpg', '', '22.31946', '114.175978', 0, 0, '2018-12-16 20:00:00', '2018-12-16 20:00:00', 0),
(260, 'Solar Tower Camp', 2, 23698961, 8, '47458745', 'null.jpg', '', '22.29642', '114.172524', 0, 0, '2018-12-16 20:00:00', '2018-12-16 20:00:00', 0),
(261, 'Berlin Hotel', 2, 23698962, 3, '147833135', 'null.jpg', '', '22.31378', '114.17051', 0, 0, '2018-12-16 20:00:00', '2018-12-16 20:00:00', 0),
(262, 'Comfort Lodge', 2, 23698963, 5, '611532', 'null.jpg', '', '22.316918', '114.169737', 0, 0, '2018-12-16 20:00:00', '2018-12-16 20:00:00', 0),
(263, 'L''??toile de Mer', 2, 23698964, 6, '1863296869', 'null.jpg', '', '22.306954', '114.172379', 0, 0, '2018-12-16 20:00:00', '2018-12-16 20:00:00', 0),
(264, 'Victoria Hotel', 2, 23698965, 1, '1863421498', 'null.jpg', '', '22.296287', '114.173017', 0, 0, '2018-12-16 20:00:00', '2018-12-16 20:00:00', 0),
(265, 'Embassy Hotel Service Apartment Nathan Road', 2, 23698966, 4, '555103', 'null.jpg', '', '22.282877', '114.128015', 0, 0, '2018-12-16 20:00:00', '2018-12-16 20:00:00', 0),
(266, 'Jing Kong City Hotel', 2, 23698967, 3, '22512456', 'null.jpg', '', '22.30502', '114.17158', 0, 0, '2018-12-16 20:00:00', '2018-12-16 20:00:00', 0),
(267, 'Louie Business', 2, 23698968, 5, '1586739', 'null.jpg', '', '22.281752', '114.18348', 0, 0, '2018-12-16 20:00:00', '2018-12-16 20:00:00', 0),
(268, 'Kong Hing Guest House', 2, 23698969, 1, '49166334', 'null.jpg', '', '22.278591', '114.186659', 0, 0, '2018-12-16 20:00:00', '2018-12-16 20:00:00', 0),
(269, 'Dream House', 2, 23698970, 8, '1862911996', 'null.jpg', '', '22.30143', '114.183556', 0, 0, '2018-12-16 20:00:00', '2018-12-16 20:00:00', 0),
(270, 'California Hotel', 2, 23698971, 5, '694086', 'null.jpg', '', '22.297346', '114.172424', 0, 0, '2018-12-16 20:00:00', '2018-12-16 20:00:00', 0),
(271, 'Grand Inn (formerly Hotel Cha Cha)', 2, 23698972, 6, '6445542', 'null.jpg', '', '22.297559', '114.172131', 0, 0, '2018-12-16 20:00:00', '2018-12-16 20:00:00', 0),
(272, 'Las Vegas Guest House', 1, 23698973, 1, '555027', 'null.jpg', '', '22.296373', '114.172529', 0, 0, '2018-12-16 20:00:00', '2018-12-16 20:00:00', 0),
(273, 'Safari Guest House', 1, 23698974, 2, '4418312', 'null.jpg', '', '22.302478', '114.192195', 0, 0, '2018-12-16 20:00:00', '2018-12-16 20:00:00', 0),
(274, 'Jin Xiang Hotel', 1, 23698975, 6, '1782356', 'null.jpg', '', '22.297336', '114.172279', 0, 0, '2018-12-16 20:00:00', '2018-12-16 20:00:00', 0),
(275, 'Hankow Hotel - Tsim Sha Tsui', 1, 23698976, 5, '963842315', 'null.jpg', '', '22.297204', '114.172349', 0, 0, '2018-12-16 20:00:00', '2018-12-16 20:00:00', 0),
(276, 'Victor Hotel', 1, 23698977, 2, '46920211', 'null.jpg', '', '22.282941', '114.15335', 0, 0, '2018-12-16 20:00:00', '2018-12-16 20:00:00', 0),
(277, 'Jing Kong City (Tsim Sha Tsui) Hotel', 1, 23698978, 9, '1900480315', 'null.jpg', '', '22.276176', '114.155761', 0, 0, '2018-12-16 20:00:00', '2018-12-16 20:00:00', 0),
(278, 'Asia Inn', 1, 23698979, 7, '44678917', 'null.jpg', '', '22.29611', '114.172765', 0, 0, '2018-12-16 20:00:00', '2018-12-16 20:00:00', 0),
(279, 'Humphreys Hotel', 1, 23698980, 5, '1513992002', 'null.jpg', '', '22.29853', '114.1724', 0, 0, '2018-12-16 20:00:00', '2018-12-16 20:00:00', 0),
(280, 'Ying Sun Hotel', 1, 23698981, 4, '26020612', 'null.jpg', '', '22.297245', '114.172306', 0, 0, '2018-12-16 20:00:00', '2018-12-16 20:00:00', 0),
(281, 'Wai Wah Guesthouse', 1, 23698982, 9, '1756624417', 'null.jpg', '', '22.284294', '114.153185', 0, 0, '2018-12-16 20:00:00', '2018-12-16 20:00:00', 0),
(282, 'Hong Kong Tai San Guest House (Haiphong Branch)', 1, 23698983, 7, '1898764469', 'null.jpg', '', '22.297325', '114.172884', 0, 0, '2018-12-16 20:00:00', '2018-12-16 20:00:00', 0),
(283, 'S3 Hotel (S3 Guest house)', 1, 23698984, 8, '706174728', 'null.jpg', '', '22.31034', '114.16976', 0, 0, '2018-12-16 20:00:00', '2018-12-16 20:00:00', 0),
(284, 'Primo Guesthouse', 1, 23698985, 3, '149717221', 'null.jpg', '', '22.29639', '114.172432', 0, 0, '2018-12-16 20:00:00', '2018-12-16 20:00:00', 0),
(285, 'i-Hotel', 1, 23698986, 8, '2422495', 'null.jpg', '', '22.307391', '114.17076', 0, 0, '2018-12-16 20:00:00', '2018-12-16 20:00:00', 0),
(286, 'Marco Polo Guest House (New HK Las Vegas Group)', 1, 23698987, 8, '1296941', 'null.jpg', '', '22.297358', '114.172306', 0, 0, '2018-12-16 20:00:00', '2018-12-16 20:00:00', 0),
(287, 'Man Lai Wah Hotel', 1, 23698988, 1, '1705341978', 'null.jpg', '', '22.277978', '114.172648', 0, 0, '2018-12-16 20:00:00', '2018-12-16 20:00:00', 0),
(288, 'Wing Lee Guest House', 1, 23698989, 7, '964441672', 'null.jpg', '', '22.28121', '114.185326', 0, 0, '2018-12-16 20:00:00', '2018-12-16 20:00:00', 0),
(289, 'Manila Hotel', 1, 23698990, 8, '9193100', 'null.jpg', '', '22.296415', '114.172443', 0, 0, '2018-12-16 20:00:00', '2018-12-16 20:00:00', 0),
(290, 'JinQuan hotel', 1, 23698991, 10, '1901325710', 'null.jpg', '', '22.30867', '114.17096', 0, 0, '2018-12-16 20:00:00', '2018-12-16 20:00:00', 0),
(291, 'Paris Guest House (D2, 10/F)', 1, 23698992, 3, '1406952863', 'null.jpg', '', '22.274776', '114.178414', 0, 0, '2018-12-16 20:00:00', '2018-12-16 20:00:00', 0),
(292, 'Tai An Guest House', 1, 23698993, 6, '555078', 'null.jpg', '', '22.296534', '114.172443', 0, 0, '2018-12-16 20:00:00', '2018-12-16 20:00:00', 0),
(293, 'Silverview Resort Holiday', 1, 23698994, 5, '1789118', 'null.jpg', '', '22.296423', '114.172438', 0, 0, '2018-12-16 20:00:00', '2018-12-16 20:00:00', 0),
(294, 'Prince Hotel', 1, 23698995, 4, '1900892400', 'null.jpg', '', '22.27818', '114.18409', 0, 0, '2018-12-16 20:00:00', '2018-12-16 20:00:00', 0),
(295, 'Daxiong Hotel', 1, 23698996, 6, '23695206', 'null.jpg', '', '22.27819', '114.18395', 0, 0, '2018-12-16 20:00:00', '2018-12-16 20:00:00', 0),
(296, 'Lily Garden Guest House', 1, 23698997, 2, '19892', 'null.jpg', '', '22.412006', '114.211225', 0, 0, '2018-12-16 20:00:00', '2018-12-16 20:00:00', 0),
(297, 'Ho Yuen Hotel', 1, 23698998, 1, '1901325708', 'null.jpg', '', '22.296234', '114.172674', 0, 0, '2018-12-16 20:00:00', '2018-12-16 20:00:00', 0),
(298, 'Wing Sing Hong Guesthouse', 1, 23698999, 3, '1863289353', 'null.jpg', '', '22.292741', '114.199291', 0, 0, '2018-12-16 20:00:00', '2018-12-16 20:00:00', 0),
(299, 'Move Inn', 1, 23699000, 2, '11282775', 'null.jpg', '', '22.307532', '114.165812', 0, 0, '2018-12-16 20:00:00', '2018-12-16 20:00:00', 0),
(300, 'Sunlight Hotel', 1, 23699001, 5, '1900716129', 'null.jpg', '', '22.27864', '114.181882', 0, 0, '2018-12-16 20:00:00', '2018-12-16 20:00:00', 0),
(301, 'Mulberry Hotel', 1, 23699002, 5, '1901047037', 'null.jpg', '', '22.296414', '114.17279', 0, 0, '2018-12-16 20:00:00', '2018-12-16 20:00:00', 0),
(302, 'Mong Kok Hotel', 1, 23699003, 4, '1901325706', 'null.jpg', '', '22.343626', '114.11087', 0, 0, '2018-12-16 20:00:00', '2018-12-16 20:00:00', 0),
(303, 'Orchid Inn', 1, 23699004, 4, '964249404', 'null.jpg', '', '22.31966', '114.17038', 0, 0, '2018-12-16 20:00:00', '2018-12-16 20:00:00', 0),
(304, 'Shinny Inn', 1, 23699005, 3, '1705341974', 'null.jpg', '', '22.29789', '114.174845', 0, 0, '2018-12-16 20:00:00', '2018-12-16 20:00:00', 0),
(305, 'Asia Travel House', 1, 23699006, 10, '16288', 'null.jpg', '', '22.32193', '114.16858', 0, 0, '2018-12-16 20:00:00', '2018-12-16 20:00:00', 0),
(306, 'Very Good Hotel', 1, 23699007, 6, '48098261', 'null.jpg', '', '22.305579', '114.171873', 0, 0, '2018-12-16 20:00:00', '2018-12-16 20:00:00', 0),
(307, 'Nuts Hotel', 1, 23699008, 2, '39753050', 'null.jpg', '', '22.282752', '114.15291', 0, 0, '2018-12-16 20:00:00', '2018-12-16 20:00:00', 0),
(308, 'Toronto Inn', 1, 23699009, 4, '19585', 'null.jpg', '', '22.293026', '114.17792', 0, 0, '2018-12-16 20:00:00', '2018-12-16 20:00:00', 0),
(309, 'Kwong Hang Travel Guest House', 1, 23699010, 10, '1900376153', 'null.jpg', '', '22.282862', '114.155404', 0, 0, '2018-12-16 20:00:00', '2018-12-16 20:00:00', 0),
(310, 'Icon Inn', 1, 23699011, 9, '42775817', 'null.jpg', '', '22.298644', '114.172383', 0, 0, '2018-12-16 20:00:00', '2018-12-16 20:00:00', 0),
(311, 'United Co-operate Hotel (10/F)', 1, 23699012, 10, '1225005184', 'null.jpg', '', '22.29651', '114.172332', 0, 0, '2018-12-16 20:00:00', '2018-12-16 20:00:00', 0),
(312, 'Lee Garden Guest House', 1, 23699013, 4, '4400436', 'null.jpg', '', '22.29646', '114.172472', 0, 0, '2018-12-16 20:00:00', '2018-12-16 20:00:00', 0),
(313, 'Wee. Inn', 1, 23699014, 9, '1322395512', 'null.jpg', '', '22.29636', '114.17263', 0, 0, '2018-12-16 20:00:00', '2018-12-16 20:00:00', 0),
(314, 'Kamal Deluxe', 1, 23699015, 3, '19541', 'null.jpg', '', '22.278311', '114.184121', 0, 0, '2018-12-16 20:00:00', '2018-12-16 20:00:00', 0),
(315, 'International Inn', 1, 23699016, 1, '611716', 'null.jpg', '', '22.297335', '114.172391', 0, 0, '2018-12-16 20:00:00', '2018-12-16 20:00:00', 0),
(316, 'Rainbow Lodge HK', 1, 23699017, 6, '7115943', 'null.jpg', '', '22.2191', '114.12002', 0, 0, '2018-12-16 20:00:00', '2018-12-16 20:00:00', 0),
(317, 'Days Hotel', 1, 23699018, 3, '17638', 'null.jpg', '', '22.279827', '114.179532', 0, 0, '2018-12-16 20:00:00', '2018-12-16 20:00:00', 0),
(318, 'Yang Zhou Guest house', 1, 23699019, 4, '1863427506', 'null.jpg', '', '22.30653', '114.171826', 0, 0, '2018-12-16 20:00:00', '2018-12-16 20:00:00', 0),
(319, 'Legend Guest House', 1, 23699020, 7, '41950866', 'null.jpg', '', '22.318606', '114.168798', 0, 0, '2018-12-16 20:00:00', '2018-12-16 20:00:00', 0),
(320, 'Hop inn On Nathan Road', 1, 23699021, 1, '1900732395', 'null.jpg', '', '22.296423', '114.172572', 0, 0, '2018-12-16 20:00:00', '2018-12-16 20:00:00', 0),
(321, 'Pay-less Guest House (7/F A2)', 1, 23699022, 1, '1898555081', 'null.jpg', '', '22.2588', '114.1995', 0, 0, '2018-12-16 20:00:00', '2018-12-16 20:00:00', 0),
(322, '3D Inn Hong Kong - Romance', 1, 23699023, 3, '16205', 'null.jpg', '', '22.300821', '114.174033', 0, 0, '2018-12-16 20:00:00', '2018-12-16 20:00:00', 0),
(323, 'Just Inn On Nathan Road', 1, 23699024, 4, '1900732394', 'null.jpg', '', '22.281004', '114.185248', 0, 0, '2018-12-16 20:00:00', '2018-12-16 20:00:00', 0),
(324, 'Hk Peace Guest House', 1, 23699025, 5, '50071587', 'null.jpg', '', '22.317287', '114.169723', 0, 0, '2018-12-16 20:00:00', '2018-12-16 20:00:00', 0),
(325, 'Everest Inn Guest House', 1, 23699026, 6, '12176070', 'null.jpg', '', '22.29778', '114.17224', 0, 0, '2018-12-16 20:00:00', '2018-12-16 20:00:00', 0),
(326, 'Strawberry Guest House', 1, 23699027, 6, '555138', 'null.jpg', '', '22.253171', '113.853774', 0, 0, '2018-12-16 20:00:00', '2018-12-16 20:00:00', 0),
(327, 'Comfort Guest House', 1, 23699028, 9, '7343724', 'null.jpg', '', '22.323699', '114.169786', 0, 0, '2018-12-16 20:00:00', '2018-12-16 20:00:00', 0),
(328, 'Hi-Inn', 1, 23699029, 8, '1127276661', 'null.jpg', '', '22.29634', '114.17244', 0, 0, '2018-12-16 20:00:00', '2018-12-16 20:00:00', 0),
(329, 'Hotel Guan Zhou', 1, 23699030, 3, '46980457', 'null.jpg', '', '22.301038', '114.175056', 0, 0, '2018-12-16 20:00:00', '2018-12-16 20:00:00', 0),
(330, 'Bohol Hotel', 1, 23699031, 2, '46920209', 'null.jpg', '', '22.297291', '114.172445', 0, 0, '2018-12-16 20:00:00', '2018-12-16 20:00:00', 0),
(331, 'Sun Guest House', 1, 23699032, 1, '475613379', 'null.jpg', '', '22.296403', '114.172465', 0, 0, '2018-12-16 20:00:00', '2018-12-16 20:00:00', 0),
(332, 'First Guest House', 1, 23699033, 5, '1862880084', 'null.jpg', '', '22.280054', '114.185524', 0, 0, '2018-12-16 20:00:00', '2018-12-16 20:00:00', 0),
(333, 'Hotel O', 1, 23699034, 9, '48093629', 'null.jpg', '', '22.311355', '114.170857', 0, 0, '2018-12-16 20:00:00', '2018-12-16 20:00:00', 0),
(334, 'Marlboro Inn', 1, 23699035, 7, '47365584', 'null.jpg', '', '22.29641', '114.17249', 0, 0, '2018-12-16 20:00:00', '2018-12-16 20:00:00', 0),
(335, 'Wah Long Hotel', 1, 23699036, 10, '49671807', 'null.jpg', '', '22.30461', '114.171488', 0, 0, '2018-12-16 20:00:00', '2018-12-16 20:00:00', 0),
(336, 'Garden Hotel', 1, 23699037, 9, '47005051', 'null.jpg', '', '22.297863', '114.172219', 0, 0, '2018-12-16 20:00:00', '2018-12-16 20:00:00', 0),
(337, 'Garden Guest House - Carlton Group of Hostels??', 1, 23699038, 2, '555029', 'null.jpg', '', '22.30506', '114.17183', 0, 0, '2018-12-16 20:00:00', '2018-12-16 20:00:00', 0),
(338, '3D Inn Hong Kong - Dragon', 1, 23699039, 9, '1249979526', 'null.jpg', '', '22.286373', '114.149209', 0, 0, '2018-12-16 20:00:00', '2018-12-16 20:00:00', 0),
(339, 'Australian Guest House', 1, 23699040, 1, '16296', 'null.jpg', '', '22.31993', '114.16742', 0, 0, '2018-12-16 20:00:00', '2018-12-16 20:00:00', 0),
(340, 'City Econo Guest House', 1, 23699041, 4, '25464299', 'null.jpg', '', '22.316886', '114.169692', 0, 0, '2018-12-16 20:00:00', '2018-12-16 20:00:00', 0);
INSERT INTO `hotel` (`id`, `name`, `star`, `phone`, `category_id`, `default_image`, `image`, `body`, `coordi_x`, `coordi_y`, `new`, `handling_price`, `updated_at`, `created_at`, `soft_delete`) VALUES
(341, 'HK Wonderful Inn (Golden Crown Court)', 1, 23699042, 10, '37833912', 'null.jpg', '', '22.296356', '114.172825', 0, 0, '2018-12-16 20:00:00', '2018-12-16 20:00:00', 0),
(342, 'Hotel Conext', 1, 23699043, 3, '27720480', 'null.jpg', '', '22.296424', '114.172434', 0, 0, '2018-12-16 20:00:00', '2018-12-16 20:00:00', 0),
(343, 'YOU HOTEL', 1, 23699044, 10, '46974830', 'null.jpg', '', '22.277336', '114.184188', 0, 0, '2018-12-16 20:00:00', '2018-12-16 20:00:00', 0),
(344, 'Hoo Sang Hotel', 1, 23699045, 5, '149737236', 'null.jpg', '', '22.31683', '114.16971', 0, 0, '2018-12-16 20:00:00', '2018-12-16 20:00:00', 0),
(345, 'Gloria Guest House', 1, 23699046, 1, '1900751657', 'null.jpg', '', '22.28158', '114.1857', 0, 0, '2018-12-16 20:00:00', '2018-12-16 20:00:00', 0),
(346, 'Safari Hotel', 1, 23699047, 9, '28879016', 'null.jpg', '', '22.304711', '114.171381', 0, 0, '2018-12-16 20:00:00', '2018-12-16 20:00:00', 0),
(347, 'Peace Hotel', 1, 23699048, 2, '24952997', 'null.jpg', '', '22.296537', '114.172438', 0, 0, '2018-12-16 20:00:00', '2018-12-16 20:00:00', 0),
(348, 'Kam Fung Guest House', 1, 23699049, 4, '29835585', 'null.jpg', '', '22.297764', '114.172259', 0, 0, '2018-12-16 20:00:00', '2018-12-16 20:00:00', 0),
(349, 'Four Seasons Guest House', 1, 23699050, 9, '555121', 'null.jpg', '', '22.279252', '114.18925', 0, 0, '2018-12-29 02:10:43', '2018-12-16 20:00:00', 0),
(350, 'New Yiu Fai Guest House', 1, 23699051, 4, '1209130', 'null.jpg', '', '22.296363', '114.172323', 0, 0, '2018-12-16 20:00:00', '2018-12-16 20:00:00', 0),
(351, 'Reliance International Guest House', 1, 23699052, 6, '8919628', 'null.jpg', '', '22.284716', '114.150543', 0, 0, '2018-12-16 20:00:00', '2018-12-16 20:00:00', 0),
(352, 'Friendship Hotel', 1, 23699053, 10, '26020611', 'null.jpg', '', '22.31833', '114.1691', 0, 0, '2018-12-16 20:00:00', '2018-12-16 20:00:00', 0),
(353, 'You Hotel', 1, 23699054, 5, '19869070', 'null.jpg', '', '22.30556', '114.171907', 0, 0, '2018-12-16 20:00:00', '2018-12-16 20:00:00', 0),
(354, 'Aashiana Hotel', 1, 23699055, 8, '1159864335', 'null.jpg', '', '22.307224', '114.016943', 0, 0, '2018-12-16 20:00:00', '2018-12-16 20:00:00', 0),
(355, 'Valentine Guest House', 1, 23699056, 5, '49951406', 'null.jpg', '', '22.31781', '114.170448', 0, 0, '2018-12-16 20:00:00', '2018-12-16 20:00:00', 0),
(356, 'Thai O G Hotel', 1, 23699057, 7, '14808088', 'null.jpg', '', '22.296406', '114.17251', 0, 0, '2018-12-16 20:00:00', '2018-12-16 20:00:00', 0),
(357, 'Modern Inn', 1, 23699058, 9, '12922374', 'null.jpg', '', '22.2973', '114.17261', 0, 0, '2018-12-16 20:00:00', '2018-12-16 20:00:00', 0),
(358, 'Tom''s Guest House', 1, 23699059, 5, '785574', 'null.jpg', '', '22.315232', '114.170646', 0, 0, '2018-12-16 20:00:00', '2018-12-16 20:00:00', 0),
(359, 'China Emperor Hotel', 1, 23699060, 2, '12803463', 'null.jpg', '', '22.30869', '114.17098', 0, 0, '2018-12-16 20:00:00', '2018-12-16 20:00:00', 0),
(360, 'KK Guesthouse', 1, 23699061, 4, '12922273', 'null.jpg', '', '22.29728', '114.1726', 0, 0, '2018-12-16 20:00:00', '2018-12-16 20:00:00', 0),
(361, 'Spin Hotel', 1, 23699062, 2, '1900254151', 'null.jpg', '', '22.296311', '114.172398', 0, 0, '2018-12-16 20:00:00', '2018-12-16 20:00:00', 0),
(362, 'Golden Island Hotel', 1, 23699063, 9, '2723354', 'null.jpg', '', '22.29769', '114.17192', 0, 0, '2018-12-16 20:00:00', '2018-12-16 20:00:00', 0),
(363, 'Chung Shing Hotel', 1, 23699064, 10, '44475274', 'null.jpg', '', '22.297271', '114.17229', 0, 0, '2018-12-16 20:00:00', '2018-12-16 20:00:00', 0),
(364, 'Jolly Guesthouse', 1, 23699065, 10, '46974828', 'null.jpg', '', '22.296392', '114.172504', 0, 0, '2018-12-16 20:00:00', '2018-12-16 20:00:00', 0),
(365, 'Paradise Guest House', 1, 23699066, 6, '47321902', 'null.jpg', '', '22.297787', '114.171944', 0, 0, '2018-12-16 20:00:00', '2018-12-16 20:00:00', 0),
(366, 'Holiday Guest House', 1, 23699067, 4, '1901381182', 'null.jpg', '', '22.31761', '114.1705', 0, 0, '2018-12-16 20:00:00', '2018-12-16 20:00:00', 0),
(367, 'Star Guest House - Mirador', 1, 23699068, 1, '964249406', 'null.jpg', '', '22.3087', '114.17097', 0, 0, '2018-12-16 20:00:00', '2018-12-16 20:00:00', 0),
(368, 'New Golden Crown Guest House', 1, 23699069, 9, '1901842286', 'null.jpg', '', '22.307456', '114.170309', 0, 0, '2018-12-16 20:00:00', '2018-12-16 20:00:00', 0),
(369, 'Dipty Guesthouse', 1, 23699070, 2, '555132', 'null.jpg', '', '22.32183', '114.16862', 0, 0, '2018-12-16 20:00:00', '2018-12-16 20:00:00', 0),
(370, 'Gold Star Hotel', 1, 23699071, 6, '47365587', 'null.jpg', '', '22.20556', '114.02782', 0, 0, '2018-12-16 20:00:00', '2018-12-16 20:00:00', 0),
(371, 'Micro Hotel', 1, 23699072, 3, '4420606', 'null.jpg', '', '22.29637', '114.17262', 0, 0, '2018-12-16 20:00:00', '2018-12-16 20:00:00', 0),
(372, '8 Days Boutique Hotel', 1, 23699073, 5, '48242024', 'null.jpg', '', '22.31666', '114.169743', 0, 0, '2018-12-16 20:00:00', '2018-12-16 20:00:00', 0),
(373, 'Mingdou Hotel', 1, 23699074, 4, '47772017', 'null.jpg', '', '22.296186', '114.172389', 0, 0, '2018-12-16 20:00:00', '2018-12-16 20:00:00', 0),
(374, 'Jinhai Hotel', 1, 23699075, 2, '785618', 'null.jpg', '', '22.27732', '114.17507', 0, 0, '2018-12-16 20:00:00', '2018-12-16 20:00:00', 0),
(375, 'Vve Vve Hotel', 1, 23699076, 3, '1901381180', 'null.jpg', '', '22.32024', '114.1713', 0, 0, '2018-12-16 20:00:00', '2018-12-16 20:00:00', 0),
(376, 'Kam Do Guest house', 1, 23699077, 5, '964249407', 'null.jpg', '', '22.2973', '114.17261', 0, 0, '2018-12-16 20:00:00', '2018-12-16 20:00:00', 0),
(377, 'Oxford Guest House - Premium Guest House Limited', 1, 23699078, 1, '29833282', 'null.jpg', '', '22.2175', '114.2137', 0, 0, '2018-12-16 20:00:00', '2018-12-16 20:00:00', 0),
(378, 'The Arch Guest House', 1, 23699079, 5, '46493588', 'null.jpg', '', '22.297798', '114.172449', 0, 0, '2018-12-16 20:00:00', '2018-12-16 20:00:00', 0),
(379, 'Ho Me Hotel', 1, 23699080, 9, '47365590', 'null.jpg', '', '22.319636', '114.170772', 0, 0, '2018-12-16 20:00:00', '2018-12-16 20:00:00', 0),
(380, 'Fei Hung Hotel', 1, 23699081, 9, '48081941', 'null.jpg', '', '22.29629', '114.17282', 0, 0, '2018-12-16 20:00:00', '2018-12-16 20:00:00', 0),
(381, 'Hotel 2', 1, 23699082, 3, '30077992', 'null.jpg', '', '22.334886', '114.162278', 0, 0, '2018-12-16 20:00:00', '2018-12-16 20:00:00', 0),
(382, 'Linn Hotel Lan Kwai Fong', 1, 23699083, 9, '30077998', 'null.jpg', '', '22.331101', '114.160888', 0, 0, '2018-12-16 20:00:00', '2018-12-16 20:00:00', 0),
(383, 'Grand Motel', 1, 23699084, 1, '44671148', 'null.jpg', '', '22.308597', '114.171177', 0, 0, '2018-12-16 20:00:00', '2018-12-16 20:00:00', 0),
(384, 'First Class Guest House', 1, 23699085, 9, '20357856', 'null.jpg', '', '22.32181', '114.16864', 0, 0, '2018-12-16 20:00:00', '2018-12-16 20:00:00', 0),
(385, 'Mei Mei Motel', 1, 23699086, 10, '1250009765', 'null.jpg', '', '22.301158', '114.173615', 0, 0, '2018-12-16 20:00:00', '2018-12-16 20:00:00', 0),
(386, 'Ohk', 1, 23699087, 3, '1553366850', 'null.jpg', '', '22.305318', '114.171848', 0, 0, '2018-12-16 20:00:00', '2018-12-16 20:00:00', 0),
(387, 'United Co-Operate Guest House (7/F)', 1, 23699088, 6, '1897705027', 'null.jpg', '', '22.316696', '114.169766', 0, 0, '2018-12-16 20:00:00', '2018-12-16 20:00:00', 0),
(388, 'Coming Inn', 1, 23699089, 4, '1705341983', 'null.jpg', '', '22.34882', '114.05738', 0, 0, '2018-12-16 20:00:00', '2018-12-16 20:00:00', 0),
(389, 'Kyoto Guest House', 1, 23699090, 9, '1898090300', 'null.jpg', '', '22.317344', '114.170455', 0, 0, '2018-12-16 20:00:00', '2018-12-16 20:00:00', 0),
(390, 'Hotel CoNext (JD88 Group)', 1, 23699091, 8, '1863227156', 'null.jpg', '', '22.297932', '114.171853', 0, 0, '2018-12-16 20:00:00', '2018-12-16 20:00:00', 0),
(391, 'Friends Guesthouse', 1, 23699092, 1, '19940801', 'null.jpg', '', '22.296923', '114.173998', 0, 0, '2018-12-16 20:00:00', '2018-12-16 20:00:00', 0),
(392, 'Tung Wo Guest House', 1, 23699093, 4, '1897778246', 'null.jpg', '', '22.27702', '114.182636', 0, 0, '2018-12-16 20:00:00', '2018-12-16 20:00:00', 0),
(393, 'Kwong Hang Travel Guesthouse', 1, 23699094, 6, '46743399', 'null.jpg', '', '22.296433', '114.172521', 0, 0, '2018-12-16 20:00:00', '2018-12-16 20:00:00', 0),
(394, 'Tempo Inn@ David Mansion', 1, 23699095, 9, '44471138', 'null.jpg', '', '22.283241', '114.192747', 0, 0, '2018-12-16 20:00:00', '2018-12-16 20:00:00', 0),
(395, 'L''??toile de Mer TST', 1, 23699096, 9, '1901381177', 'null.jpg', '', '22.319776', '114.170947', 0, 0, '2018-12-16 20:00:00', '2018-12-16 20:00:00', 0),
(396, 'Hakkas Guesthouse', 1, 23699097, 7, '1901381185', 'null.jpg', '', '22.308664', '114.171156', 0, 0, '2018-12-16 20:00:00', '2018-12-16 20:00:00', 0),
(397, 'Prestige Guesthouse', 1, 23699098, 9, '48007202', 'null.jpg', '', '22.296279', '114.172395', 0, 0, '2018-12-16 20:00:00', '2018-12-16 20:00:00', 0),
(398, 'Beverly Guest House', 1, 23699099, 2, '1487611', 'null.jpg', '', '22.27829', '114.171081', 0, 0, '2018-12-16 20:00:00', '2018-12-16 20:00:00', 0),
(399, 'Kong Hing Guest House', 1, 23699100, 9, '17514898', 'null.jpg', '', '22.304091', '114.171451', 0, 0, '2018-12-16 20:00:00', '2018-12-16 20:00:00', 0),
(400, 'Head Sun Guest house (Himalaya Guest House Group)', 1, 23699101, 9, '1898451271', 'null.jpg', '', '22.29729', '114.17262', 0, 0, '2018-12-16 20:00:00', '2018-12-16 20:00:00', 0),
(401, 'Yau King Hotel', 1, 23699102, 8, '2723370', 'null.jpg', '', '22.367693', '114.091846', 0, 0, '2018-12-16 20:00:00', '2018-12-16 20:00:00', 0),
(402, 'Hotel Skylark', 1, 23699103, 10, '8921935', 'null.jpg', '', '22.296518', '114.170745', 0, 0, '2018-12-16 20:00:00', '2018-12-16 20:00:00', 0),
(403, 'New Cosmos Hotel', 1, 23699104, 1, '8183473', 'null.jpg', '', '22.281249', '114.173814', 0, 0, '2018-12-16 20:00:00', '2018-12-16 20:00:00', 0),
(404, 'Kam Wai Hotel', 1, 23699105, 10, '17548115', 'null.jpg', '', '22.27649', '114.17122', 0, 0, '2018-12-16 20:00:00', '2018-12-16 20:00:00', 0),
(405, 'Sleep In Hotel', 1, 23699106, 8, '19440096', 'null.jpg', '', '22.227922', '113.931831', 0, 0, '2018-12-16 20:00:00', '2018-12-16 20:00:00', 0),
(406, 'Paradise Guesthouse', 1, 23699107, 2, '1898126178', 'null.jpg', '', '22.325381', '114.164416', 0, 0, '2018-12-16 20:00:00', '2018-12-16 20:00:00', 0),
(407, 'Union Guesthouse', 1, 23699108, 8, '1769515700', 'null.jpg', '', '22.31986', '114.1706', 0, 0, '2018-12-16 20:00:00', '2018-12-16 20:00:00', 0),
(408, 'Lee Chiao Guesthouse', 1, 23699109, 4, '1900870886', 'null.jpg', '', '22.29796', '114.17193', 0, 0, '2018-12-16 20:00:00', '2018-12-16 20:00:00', 0),
(409, 'Bloomy Hotel', 1, 23699110, 8, '897204027', 'null.jpg', '', '22.31798', '114.17157', 0, 0, '2018-12-16 20:00:00', '2018-12-16 20:00:00', 0),
(410, 'Hong Kong Guest House', 1, 23699111, 10, '1863016132', 'null.jpg', '', '22.316854', '114.169701', 0, 0, '2018-12-16 20:00:00', '2018-12-16 20:00:00', 0),
(411, 'Daxiong Hotel', 1, 23699112, 9, '1901879102', 'null.jpg', '', '22.30738', '114.16652', 0, 0, '2018-12-16 20:00:00', '2018-12-16 20:00:00', 0),
(412, 'London Guest House', 1, 23699113, 2, '8921426', 'null.jpg', '', '22.297403', '114.170944', 0, 0, '2018-12-16 20:00:00', '2018-12-16 20:00:00', 0),
(413, 'Bloomsbury Inn', 1, 23699114, 2, '1127276662', 'null.jpg', '', '22.29782', '114.17199', 0, 0, '2018-12-16 20:00:00', '2018-12-16 20:00:00', 0),
(414, 'HK Nathan House @4/F', 1, 23699115, 2, '46493589', 'null.jpg', '', '22.28144', '114.15518', 0, 0, '2018-12-16 20:00:00', '2018-12-16 20:00:00', 0),
(415, 'GLORIA GUESTHOUSE', 1, 23699116, 10, '555133', 'null.jpg', '', '22.316763', '114.169751', 0, 0, '2018-12-16 20:00:00', '2018-12-16 20:00:00', 0),
(416, 'Oi Suen Guesthouse', 1, 23699117, 8, '555063', 'null.jpg', '', '22.29649', '114.1724', 0, 0, '2018-12-16 20:00:00', '2018-12-16 20:00:00', 0),
(417, 'ZEN Rooms S Hotel Hong Kong Tsim Sha', 1, 23699118, 10, '1251885580', 'null.jpg', '', '22.287072', '114.192436', 0, 0, '2018-12-16 20:00:00', '2018-12-16 20:00:00', 0),
(418, 'Star Guest House', 1, 23699119, 7, '9139599', 'null.jpg', '', '22.30303', '114.18538', 0, 0, '2018-12-16 20:00:00', '2018-12-16 20:00:00', 0),
(419, 'Paradise World', 1, 23699120, 8, '1212660634', 'null.jpg', '', '22.22669', '114.11138', 0, 0, '2018-12-16 20:00:00', '2018-12-16 20:00:00', 0),
(420, 'Kwok Wah Hotel', 1, 23699121, 6, '5187858', 'null.jpg', '', '22.22653', '114.11112', 0, 0, '2018-12-16 20:00:00', '2018-12-16 20:00:00', 0),
(421, 'Dhillon Hotel', 1, 23699122, 3, '44662422', 'null.jpg', '', '22.304179', '114.172207', 0, 0, '2018-12-16 20:00:00', '2018-12-16 20:00:00', 0),
(422, 'Hong Kong Piaget Hotel', 1, 23699123, 7, '48514229', 'null.jpg', '', '22.28136', '114.185151', 0, 0, '2018-12-16 20:00:00', '2018-12-16 20:00:00', 0),
(423, 'Dragon Inn', 1, 23699124, 2, '4400673', 'null.jpg', '', '22.249685', '114.168272', 0, 0, '2018-12-16 20:00:00', '2018-12-16 20:00:00', 0),
(424, 'Global Inn', 1, 23699125, 1, '1769475085', 'null.jpg', '', '22.304627', '114.172175', 0, 0, '2018-12-16 20:00:00', '2018-12-16 20:00:00', 0),
(425, 'Nagaland Guest House', 1, 23699126, 2, '555088', 'null.jpg', '', '22.319672', '114.170679', 0, 0, '2018-12-16 20:00:00', '2018-12-16 20:00:00', 0),
(426, 'Princess Guest House Ming Kee', 1, 23699127, 5, '6269360', 'null.jpg', '', '22.308742', '114.171136', 0, 0, '2018-12-16 20:00:00', '2018-12-16 20:00:00', 0),
(427, 'Whole Sunshine International Hotel', 1, 23699128, 4, '1901053326', 'null.jpg', '', '22.281654', '114.18337', 0, 0, '2018-12-16 20:00:00', '2018-12-16 20:00:00', 0),
(428, 'My Hotel', 1, 23699129, 3, '6267117', 'null.jpg', '', '22.296383', '114.172918', 0, 0, '2018-12-16 20:00:00', '2018-12-16 20:00:00', 0),
(429, 'Dragon Hotel', 1, 23699130, 10, '5809651', 'null.jpg', '', '22.296356', '114.172825', 0, 0, '2018-12-16 20:00:00', '2018-12-16 20:00:00', 0),
(430, 'Wing Hing Guest House', 1, 23699131, 10, '964442311', 'null.jpg', '', '22.22664', '114.11139', 0, 0, '2018-12-16 20:00:00', '2018-12-16 20:00:00', 0),
(431, 'eLog Inn', 1, 23699132, 8, '147708524', 'null.jpg', '', '22.2267', '114.11142', 0, 0, '2018-12-16 20:00:00', '2018-12-16 20:00:00', 0),
(432, 'Guangdong Guest House', 1, 23699133, 4, '4398495', 'null.jpg', '', '22.299013', '114.172218', 0, 0, '2018-12-16 20:00:00', '2018-12-16 20:00:00', 0),
(433, 'Capital Guest House', 1, 23699134, 6, '785637', 'null.jpg', '', '22.280837', '114.182394', 0, 0, '2018-12-16 20:00:00', '2018-12-16 20:00:00', 0),
(434, 'Sieng Phong Guest House', 1, 23699135, 3, '47213568', 'null.jpg', '', '22.28837', '114.14336', 0, 0, '2018-12-16 20:00:00', '2018-12-16 20:00:00', 0),
(435, 'Milan Hotel', 1, 23699136, 9, '50076178', 'null.jpg', '', '22.315271', '114.17056', 0, 0, '2018-12-16 20:00:00', '2018-12-16 20:00:00', 0),
(436, 'Kowloon Commercial Guest House', 1, 23699137, 9, '50082579', 'null.jpg', '', '22.308329', '114.258987', 0, 0, '2018-12-16 20:00:00', '2018-12-16 20:00:00', 0),
(437, 'Apple Hotel', 1, 23699138, 5, '16246', 'null.jpg', '', '22.296445', '114.172934', 0, 0, '2018-12-16 20:00:00', '2018-12-16 20:00:00', 0),
(438, 'New York Guest House', 1, 23699139, 6, '28283915', 'null.jpg', '', '22.296398', '114.172427', 0, 0, '2018-12-16 20:00:00', '2018-12-16 20:00:00', 0),
(439, 'Zodiac lodge', 1, 23699140, 5, '1127276654', 'null.jpg', '', '22.305141', '114.171768', 0, 0, '2018-12-16 20:00:00', '2018-12-16 20:00:00', 0),
(440, 'Cozy Hostel', 1, 23699141, 1, '1901495810', 'null.jpg', '', '22.30866', '114.17108', 0, 0, '2018-12-16 20:00:00', '2018-12-16 20:00:00', 0),
(441, 'L''??toile de Mer Mong Kok', 1, 23699142, 1, '1901495811', 'null.jpg', '', '22.296398', '114.172449', 0, 0, '2018-12-16 20:00:00', '2018-12-16 20:00:00', 0),
(442, 'Sin Pak King Villa', 1, 23699143, 8, '227753891', 'null.jpg', '', '22.316997', '114.173092', 0, 0, '2018-12-16 20:00:00', '2018-12-16 20:00:00', 0),
(443, 'Travellers Friendship House', 1, 23699144, 9, '555124', 'null.jpg', '', '22.29725', '114.17265', 0, 0, '2018-12-16 20:00:00', '2018-12-16 20:00:00', 0),
(444, 'New International Guest House', 1, 23699145, 2, '20714', 'null.jpg', '', '22.3057', '114.17191', 0, 0, '2018-12-16 20:00:00', '2018-12-16 20:00:00', 0),
(445, 'Mandarin Guest House', 1, 23699146, 10, '1212698411', 'null.jpg', '', '22.336951', '114.19998', 0, 0, '2018-12-16 20:00:00', '2018-12-16 20:00:00', 0),
(446, 'Caribbean Sea Guest House', 1, 23699147, 5, '47033519', 'null.jpg', '', '22.305694', '114.171906', 0, 0, '2018-12-16 20:00:00', '2018-12-16 20:00:00', 0),
(447, 'Hotel Skystar', 1, 23699148, 7, '1704466337', 'null.jpg', '', '22.303822', '114.172701', 0, 0, '2018-12-16 20:00:00', '2018-12-16 20:00:00', 0),
(448, 'Miu Ceon - Wing On Hotel', 1, 23699149, 5, '47348345', 'null.jpg', '', '22.380248', '114.188215', 0, 0, '2018-12-16 20:00:00', '2018-12-16 20:00:00', 0),
(449, 'Sun Hua Hotel', 1, 23699150, 7, '1202864946', 'null.jpg', '', '22.285086', '114.15205', 0, 0, '2018-12-16 20:00:00', '2018-12-16 20:00:00', 0),
(450, 'New Guangzhou Guest House', 1, 23699151, 5, '43775946', 'null.jpg', '', '22.296402', '114.172568', 0, 0, '2018-12-16 20:00:00', '2018-12-16 20:00:00', 0),
(451, 'Kowloon TST Guest House', 1, 23699152, 2, '5828668', 'null.jpg', '', '22.306224', '114.170264', 0, 0, '2018-12-16 20:00:00', '2018-12-16 20:00:00', 0),
(452, 'Kingdom Guest House', 1, 23699153, 8, '1898461754', 'null.jpg', '', '22.286898', '114.141163', 0, 0, '2018-12-16 20:00:00', '2018-12-16 20:00:00', 0),
(453, 'Kam Mun Guest Hotel', 1, 23699154, 2, '49953238', 'null.jpg', '', '22.304306', '114.160568', 0, 0, '2018-12-16 20:00:00', '2018-12-16 20:00:00', 0),
(454, 'Toronto Holidays', 1, 23699155, 9, '1705341987', 'null.jpg', '', '22.298471', '114.172407', 0, 0, '2018-12-16 20:00:00', '2018-12-16 20:00:00', 0),
(455, 'Delta Deluxe Hotel', 1, 23699156, 6, '46157394', 'null.jpg', '', '22.214953', '113.989682', 0, 0, '2018-12-16 20:00:00', '2018-12-16 20:00:00', 0),
(456, 'Sing Fai Guest House', 1, 23699157, 3, '1474316381', 'null.jpg', '', '22.305598', '114.171875', 0, 0, '2018-12-16 20:00:00', '2018-12-16 20:00:00', 0),
(457, 'Home Plus Inn', 1, 23699158, 5, '25464300', 'null.jpg', '', '22.296523', '114.172328', 0, 0, '2018-12-16 20:00:00', '2018-12-16 20:00:00', 0),
(458, 'Min Hing House', 1, 23699159, 1, '1899714023', 'null.jpg', '', '22.296383', '114.172438', 0, 0, '2018-12-16 20:00:00', '2018-12-16 20:00:00', 0),
(459, 'Hung Fai Guest House', 1, 23699160, 8, '19075', 'null.jpg', '', '22.31681', '114.1696', 0, 0, '2018-12-16 20:00:00', '2018-12-16 20:00:00', 0),
(460, 'New Chung King Mansion Guest House - Tower C', 1, 23699161, 5, '555034', 'null.jpg', '', '22.296326', '114.172407', 0, 0, '2018-12-16 20:00:00', '2018-12-16 20:00:00', 0),
(461, 'Merryland Guest House', 1, 23699162, 5, '555129', 'null.jpg', '', '22.305344', '114.171133', 0, 0, '2018-12-16 20:00:00', '2018-12-16 20:00:00', 0),
(462, 'Ocean Inn', 1, 23699163, 8, '555136', 'null.jpg', '', '22.2964', '114.172443', 0, 0, '2018-12-16 20:00:00', '2018-12-16 20:00:00', 0),
(463, 'Rent-A-Room Hong Kong', 1, 23699164, 1, '516554', 'null.jpg', '', '22.321793', '114.168677', 0, 0, '2018-12-16 20:00:00', '2018-12-16 20:00:00', 0),
(464, 'Tai Wah Guest House', 1, 23699165, 9, '1837354', 'null.jpg', '', '22.278887', '114.179381', 0, 0, '2018-12-16 20:00:00', '2018-12-16 20:00:00', 0),
(465, 'Kam Fu Guesthouse', 1, 23699166, 10, '1926870', 'null.jpg', '', '22.29633', '114.17288', 0, 0, '2018-12-16 20:00:00', '2018-12-16 20:00:00', 0),
(466, 'RaiLei Hotel', 1, 23699167, 7, '2723372', 'null.jpg', '', '22.29854', '114.17393', 0, 0, '2018-12-16 20:00:00', '2018-12-16 20:00:00', 0),
(467, 'Pearl Premium Guest House(10/F)', 1, 23699168, 7, '7938893', 'null.jpg', '', '22.312458', '114.170273', 0, 0, '2018-12-16 20:00:00', '2018-12-16 20:00:00', 0),
(468, 'Oriental Pearl Budget Hotel', 1, 23699169, 1, '611520', 'null.jpg', '', '22.277229', '114.180659', 0, 0, '2018-12-16 20:00:00', '2018-12-16 20:00:00', 0),
(469, 'Golden Bridge Hotel', 1, 23699170, 4, '18609774', 'null.jpg', '', '22.311128', '114.171673', 0, 0, '2018-12-16 20:00:00', '2018-12-16 20:00:00', 0),
(470, 'Pearl Harbour Guesthouse@Golden Crown Court', 1, 23699171, 6, '13929969', 'null.jpg', '', '22.299477', '114.179653', 0, 0, '2018-12-16 20:00:00', '2018-12-16 20:00:00', 0),
(471, 'Fortune Hotel', 1, 23699172, 9, '28358037', 'null.jpg', '', '22.280473', '114.15779', 0, 0, '2018-12-16 20:00:00', '2018-12-16 20:00:00', 0),
(472, 'Joyous Guest House', 1, 23699173, 4, '43774353', 'null.jpg', '', '22.297455', '114.172395', 0, 0, '2018-12-16 20:00:00', '2018-12-16 20:00:00', 0),
(473, 'Motel Happy Peach', 1, 23699174, 4, '46195070', 'null.jpg', '', '22.296319', '114.172688', 0, 0, '2018-12-16 20:00:00', '2018-12-16 20:00:00', 0),
(474, 'Celltronik Hotel', 1, 23699175, 8, '46722886', 'null.jpg', '', '22.21926', '114.1203', 0, 0, '2018-12-16 20:00:00', '2018-12-16 20:00:00', 0),
(475, 'New Euro Asia Guest House', 1, 23699176, 5, '46957531', 'null.jpg', '', '22.321459', '114.168775', 0, 0, '2018-12-16 20:00:00', '2018-12-16 20:00:00', 0),
(476, 'InnSpirit', 1, 23699177, 10, '47207023', 'null.jpg', '', '22.299077', '114.174348', 0, 0, '2018-12-16 20:00:00', '2018-12-16 20:00:00', 0),
(477, 'Cebu Hotel', 1, 23699178, 4, '47207024', 'null.jpg', '', '22.291', '114.1974', 0, 0, '2018-12-16 20:00:00', '2018-12-16 20:00:00', 0),
(478, 'BestAsia Lux Chinese Condo High Floor 3 mins MTR', 0, 23699179, 4, '1862882225', 'null.jpg', '', '22.29477', '114.174348', 0, 0, '2018-12-16 20:00:00', '2018-12-16 20:00:00', 0),
(479, 'Bayshore Inn - Double Room with green view P3', 0, 23699180, 6, '1750316895', 'null.jpg', '', '22.382445', '114.196178', 0, 0, '2018-12-16 20:00:00', '2018-12-16 20:00:00', 0),
(480, 'Bayshore Inn - Double Room with open view Balcony P9', 0, 23699181, 10, '1750316901', 'null.jpg', '', '22.22627', '114.11137', 0, 0, '2018-12-16 20:00:00', '2018-12-16 20:00:00', 0),
(481, 'Sunrise Holiday Resort - Seaview Family Room SF3', 0, 23699182, 5, '1753149079', 'null.jpg', '', '22.319212', '113.934317', 0, 0, '2018-12-16 20:00:00', '2018-12-16 20:00:00', 0),
(482, 'Sunrise Holiday Resort - Seaview Double Room SD1', 0, 23699183, 7, '1753149078', 'null.jpg', '', '22.21932', '114.11944', 0, 0, '2018-12-16 20:00:00', '2018-12-16 20:00:00', 0),
(483, 'Sunrise Holiday Resort - Seaview Double Room with Balcony SDB21', 0, 23699184, 8, '1753149338', 'null.jpg', '', '22.3218', '114.168744', 0, 0, '2018-12-16 20:00:00', '2018-12-16 20:00:00', 0),
(484, 'Sunrise Holiday Resort - Seaview Double Room with Balcony SDB32', 0, 23699185, 10, '1753149345', 'null.jpg', '', '22.29234', '114.200783', 0, 0, '2018-12-16 20:00:00', '2018-12-16 20:00:00', 0),
(485, 'Sunrise Holiday Resort - Standard Family Room GDB33', 0, 23699186, 10, '1753149346', 'null.jpg', '', '22.287861', '114.138832', 0, 0, '2018-12-16 20:00:00', '2018-12-16 20:00:00', 0),
(486, 'Bellagio - Themed Room 1031', 0, 23699187, 8, '1765971078', 'null.jpg', '', '22.27621', '114.17094', 0, 0, '2018-12-16 20:00:00', '2018-12-16 20:00:00', 0),
(487, 'New Garden Hostel', 0, 23699188, 2, '555123', 'null.jpg', '', '22.29873', '114.178194', 0, 0, '2018-12-16 20:00:00', '2018-12-16 20:00:00', 0),
(488, 'Bayshore Inn - Double Room with green view P6', 0, 23699189, 4, '1750316898', 'null.jpg', '', '22.298171', '114.175316', 0, 0, '2018-12-16 20:00:00', '2018-12-16 20:00:00', 0),
(489, 'Bayshore Inn - Double Room with open view Balcony P7', 0, 23699190, 7, '1750316899', 'null.jpg', '', '22.30478', '114.17175', 0, 0, '2018-12-16 20:00:00', '2018-12-16 20:00:00', 0),
(490, 'WC City Apartment 3 Minutes to Jordan Station CD', 0, 23699191, 6, '1765971090', 'null.jpg', '', '22.280032', '114.18551', 0, 0, '2018-12-16 20:00:00', '2018-12-16 20:00:00', 0),
(491, 'Hi Backpackers (Hong Kong Hostel Group)', 0, 23699192, 5, '1900380651', 'null.jpg', '', '22.322482', '114.190435', 0, 0, '2018-12-16 20:00:00', '2018-12-16 20:00:00', 0),
(492, 'Kabayan Hostel', 0, 23699193, 6, '1127276652', 'null.jpg', '', '22.290958', '114.19815', 0, 0, '2018-12-16 20:00:00', '2018-12-16 20:00:00', 0),
(493, 'OLYMPIC TERRACE SUITES', 0, 23699194, 1, '1042522', 'null.jpg', '', '22.32173', '114.16861', 0, 0, '2018-12-16 20:00:00', '2018-12-16 20:00:00', 0),
(494, 'Sunrise Holiday Resort - Seaview Double Room with Balcony SDB22', 0, 23699195, 7, '1753149343', 'null.jpg', '', '22.29771', '114.17182', 0, 0, '2018-12-16 20:00:00', '2018-12-16 20:00:00', 0),
(495, 'CT Garden By The Bay Theme Room', 0, 23699196, 10, '1704466344', 'null.jpg', '', '22.296145', '114.172475', 0, 0, '2018-12-16 20:00:00', '2018-12-16 20:00:00', 0),
(496, 'MH 1 Bedroom Cozy Apartment near Central Room A', 0, 23699197, 10, '1704466351', 'null.jpg', '', '22.32183', '114.17017', 0, 0, '2018-12-16 20:00:00', '2018-12-16 20:00:00', 0),
(497, 'WM Yau Ma Tei Cozy Room for 2', 0, 23699198, 8, '1704466355', 'null.jpg', '', '22.31196', '114.17113', 0, 0, '2018-12-16 20:00:00', '2018-12-16 20:00:00', 0),
(498, 'Bellagio - Themed Room 1032', 0, 23699199, 5, '1765971079', 'null.jpg', '', '22.297489', '114.172334', 0, 0, '2018-12-16 20:00:00', '2018-12-16 20:00:00', 0),
(499, 'Concerto Inn - Superior Room S3', 0, 23699200, 8, '1765971081', 'null.jpg', '', '22.21864', '114.11998', 0, 0, '2018-12-16 20:00:00', '2018-12-16 20:00:00', 0),
(500, 'WC City Center Apartment 2 Bedrooms 9C', 0, 23699201, 2, '1765971089', 'null.jpg', '', '22.219', '114.11984', 0, 0, '2018-12-16 20:00:00', '2018-12-16 20:00:00', 0),
(501, 'Hong Kong Budget Hostel', 0, 23699202, 3, '4393413', 'null.jpg', '', '22.30437', '114.17155', 0, 0, '2018-12-16 20:00:00', '2018-12-16 20:00:00', 0),
(502, 'Ho Mong Kok Hostel', 0, 23699203, 2, '8920383', 'null.jpg', '', '22.30494', '114.17176', 0, 0, '2018-12-16 20:00:00', '2018-12-16 20:00:00', 0),
(503, 'CT Dream Princess Style Theme Room', 0, 23699204, 9, '1704466345', 'null.jpg', '', '22.30494', '114.17181', 0, 0, '2018-12-16 20:00:00', '2018-12-16 20:00:00', 0),
(504, 'Pandora After 80s @ Jordan', 0, 23699205, 7, '47257755', 'null.jpg', '', '22.296357', '114.172862', 0, 0, '2018-12-16 20:00:00', '2018-12-16 20:00:00', 0),
(505, 'Studios HK', 0, 23699206, 8, '4399241', 'null.jpg', '', '22.240319', '114.295102', 0, 0, '2018-12-16 20:00:00', '2018-12-16 20:00:00', 0),
(506, 'Bayshore Inn - Double Room with green view P5', 0, 23699207, 7, '1750316897', 'null.jpg', '', '22.234191', '113.950116', 0, 0, '2018-12-16 20:00:00', '2018-12-16 20:00:00', 0),
(507, 'WC Comfy 3 Bedrooms Apartment One Minute to Jordan Station 6I', 0, 23699208, 6, '1765971087', 'null.jpg', '', '22.359907', '114.131742', 0, 0, '2018-12-16 20:00:00', '2018-12-16 20:00:00', 0),
(508, 'WC City Apartment 3 Minutes to Jordan Station AB', 0, 23699209, 4, '1765971094', 'null.jpg', '', '22.297688', '114.172048', 0, 0, '2018-12-16 20:00:00', '2018-12-16 20:00:00', 0),
(509, 'WC Very Cozy 3-bedroom Next To Jordan Station 705', 0, 23699210, 9, '1765971097', 'null.jpg', '', '22.3018', '114.174695', 0, 0, '2018-12-16 20:00:00', '2018-12-16 20:00:00', 0),
(510, 'WC City Center 3-bedroom Apartment Next To Jordan Station 14I', 0, 23699211, 10, '1765971405', 'null.jpg', '', '22.31423', '114.17052', 0, 0, '2018-12-16 20:00:00', '2018-12-16 20:00:00', 0),
(511, 'Yatta Inn', 0, 23699212, 6, '2786217', 'null.jpg', '', '22.29639', '114.172427', 0, 0, '2018-12-16 20:00:00', '2018-12-16 20:00:00', 0),
(512, 'Sleeplicity', 0, 23699213, 4, '1863477565', 'null.jpg', '', '22.279333', '114.179781', 0, 0, '2018-12-16 20:00:00', '2018-12-16 20:00:00', 0),
(513, 'Concerto Inn - Executive Room E3', 0, 23699214, 9, '1765971085', 'null.jpg', '', '22.30694', '114.172375', 0, 0, '2018-12-16 20:00:00', '2018-12-16 20:00:00', 0),
(514, 'Majestic7Guesthouse', 0, 23699215, 10, '1863301748', 'null.jpg', '', '22.297251', '114.172379', 0, 0, '2018-12-16 20:00:00', '2018-12-16 20:00:00', 0),
(515, 'Day and Night Hotel', 0, 23699216, 1, '555019', 'null.jpg', '', '22.28374', '114.15412', 0, 0, '2018-12-16 20:00:00', '2018-12-16 20:00:00', 0),
(516, 'CT Smiley Face Theme Room', 0, 23699217, 1, '1704466347', 'null.jpg', '', '22.277664', '114.180062', 0, 0, '2018-12-16 20:00:00', '2018-12-16 20:00:00', 0),
(517, 'CT Colourful World Theme Room', 0, 23699218, 9, '1704466348', 'null.jpg', '', '22.248727', '114.149213', 0, 0, '2018-12-16 20:00:00', '2018-12-16 20:00:00', 0),
(518, 'CT C''est La Vie Theme Room', 0, 23699219, 6, '1704466349', 'null.jpg', '', '22.28046', '114.15512', 0, 0, '2018-12-16 20:00:00', '2018-12-16 20:00:00', 0),
(519, 'CT Good Old Day Back To The 1950s Style Sky Park', 0, 23699220, 9, '1704466342', 'null.jpg', '', '22.300768', '114.173503', 0, 0, '2018-12-16 20:00:00', '2018-12-16 20:00:00', 0),
(520, 'Ajit Guesthouse', 0, 23699221, 1, '964259066', 'null.jpg', '', '22.369102', '114.139159', 0, 0, '2018-12-16 20:00:00', '2018-12-16 20:00:00', 0),
(521, 'Le Manndi Service Apartment', 0, 23699222, 3, '1897711645', 'null.jpg', '', '22.31302', '114.170427', 0, 0, '2018-12-16 20:00:00', '2018-12-16 20:00:00', 0),
(522, 'Ruby Hostel', 0, 23699223, 8, '1250005053', 'null.jpg', '', '22.318882', '114.176357', 0, 0, '2018-12-16 20:00:00', '2018-12-16 20:00:00', 0),
(523, 'Delta Deluxe Hostel', 0, 23699224, 7, '1405130957', 'null.jpg', '', '22.305764', '114.171675', 0, 0, '2018-12-16 20:00:00', '2018-12-16 20:00:00', 0),
(524, 'Bellagio - Themed Room 1011', 0, 23699225, 5, '1765971074', 'null.jpg', '', '22.326594', '114.164182', 0, 0, '2018-12-16 20:00:00', '2018-12-16 20:00:00', 0),
(525, 'WC Fantastic 1-bedroom Apartment Downtwon 9E2', 0, 23699226, 9, '1765971096', 'null.jpg', '', '22.319837', '114.170665', 0, 0, '2018-12-16 20:00:00', '2018-12-16 20:00:00', 0),
(526, 'WC Cozy 2-bedroom Downtwon Tsim Sha Tsui Station 13C', 0, 23699227, 3, '1765971408', 'null.jpg', '', '22.280336', '114.179748', 0, 0, '2018-12-16 20:00:00', '2018-12-16 20:00:00', 0),
(527, 'WC Downtown 3-bedroom Apartment MTR Downstairs 10F', 0, 23699228, 1, '1765971092', 'null.jpg', '', '22.305391', '114.17104', 0, 0, '2018-12-16 20:00:00', '2018-12-16 20:00:00', 0),
(528, 'CT Around The World Theme Room 1', 0, 23699229, 10, '1704466339', 'null.jpg', '', '22.29725', '114.17264', 0, 0, '2018-12-16 20:00:00', '2018-12-16 20:00:00', 0),
(529, 'CT Around The World Theme Room 3', 0, 23699230, 5, '1704466341', 'null.jpg', '', '22.305591', '114.171927', 0, 0, '2018-12-16 20:00:00', '2018-12-16 20:00:00', 0),
(530, 'INNdeGO - Majestic House', 0, 23699231, 3, '44674647', 'null.jpg', '', '22.328291', '114.164499', 0, 0, '2018-12-16 20:00:00', '2018-12-16 20:00:00', 0),
(531, 'CT Iron Man Man Of Steel Cyber Style Theme Room', 0, 23699232, 3, '1704466346', 'null.jpg', '', '22.295989', '114.172623', 0, 0, '2018-12-16 20:00:00', '2018-12-16 20:00:00', 0),
(532, 'CT Green Garden Country Style Theme Room Sky Park', 0, 23699233, 1, '1704466350', 'null.jpg', '', '22.27758', '114.175769', 0, 0, '2018-12-16 20:00:00', '2018-12-16 20:00:00', 0),
(533, 'CT American Country Harley Davidson Style Theme Room', 0, 23699234, 9, '1704466338', 'null.jpg', '', '22.297896', '114.172265', 0, 0, '2018-12-16 20:00:00', '2018-12-16 20:00:00', 0),
(534, 'WM2BedroomApartment ArtsMansionNearMong KokStation', 0, 23699235, 6, '1704466360', 'null.jpg', '', '22.443204', '114.002985', 0, 0, '2018-12-16 20:00:00', '2018-12-16 20:00:00', 0),
(535, 'Bayshore Inn - Double Room with open view Balcony P8', 0, 23699236, 8, '1750316900', 'null.jpg', '', '22.319666', '114.170756', 0, 0, '2018-12-16 20:00:00', '2018-12-16 20:00:00', 0),
(536, 'Discover Sailing Asia Kwun Tong', 0, 23699237, 6, '1898613522', 'null.jpg', '', '22.301148', '114.173626', 0, 0, '2018-12-16 20:00:00', '2018-12-16 20:00:00', 0),
(537, 'Chi Shing Hostel', 0, 23699238, 6, '19359005', 'null.jpg', '', '22.30511', '114.17211', 0, 0, '2018-12-16 20:00:00', '2018-12-16 20:00:00', 0),
(538, '2BR for family in Wanchai Quiet and Great Location', 0, 23699239, 10, '1900710254', 'null.jpg', '', '22.290357', '114.194121', 0, 0, '2018-12-16 20:00:00', '2018-12-16 20:00:00', 0),
(539, 'Li''s Chain', 0, 23699240, 3, '1033219', 'null.jpg', '', '22.296395', '114.172811', 0, 0, '2018-12-16 20:00:00', '2018-12-16 20:00:00', 0),
(540, 'Bridal Tea House Aberdeen', 0, 23699241, 3, '575142', 'null.jpg', '', '22.287578', '114.147402', 0, 0, '2018-12-16 20:00:00', '2018-12-16 20:00:00', 0),
(541, 'EXCLUSIVE PRIVATE PENTHOUSE in Kowloon', 0, 23699242, 7, '1901024118', 'null.jpg', '', '22.368411', '114.13738', 0, 0, '2018-12-16 20:00:00', '2018-12-16 20:00:00', 0),
(542, 'Central Luxe Signature Apartment', 0, 23699243, 8, '1901024119', 'null.jpg', '', '22.297718', '114.168747', 0, 0, '2018-12-16 20:00:00', '2018-12-16 20:00:00', 0),
(543, 'MH 1 Bedroom Cozy Apartment near Central Room B', 0, 23699244, 5, '1704466352', 'null.jpg', '', '22.296462', '114.172475', 0, 0, '2018-12-16 20:00:00', '2018-12-16 20:00:00', 0),
(544, 'MH 1 Bedroom Cozy Apartment near Central Room C', 0, 23699245, 8, '1704466353', 'null.jpg', '', '22.297765', '114.172074', 0, 0, '2018-12-16 20:00:00', '2018-12-16 20:00:00', 0),
(545, 'Bellagio - Themed Room 1021', 0, 23699246, 8, '1765971076', 'null.jpg', '', '22.2974', '114.17451', 0, 0, '2018-12-16 20:00:00', '2018-12-16 20:00:00', 0),
(546, 'The stay 1 Hong Kong', 0, 23699247, 7, '1769455505', 'null.jpg', '', '22.3209', '114.1611', 0, 0, '2018-12-16 20:00:00', '2018-12-16 20:00:00', 0),
(547, 'New Port Hotel', 0, 23699248, 1, '1900809100', 'null.jpg', '', '22.309283', '114.03742', 0, 0, '2018-12-16 20:00:00', '2018-12-16 20:00:00', 0),
(548, 'Nam San Ya Hostel', 0, 23699249, 6, '1900809098', 'null.jpg', '', '22.298108', '114.17529', 0, 0, '2018-12-16 20:00:00', '2018-12-16 20:00:00', 0),
(549, 'Vee Inn @ Kimberly Road', 0, 23699250, 8, '1900809097', 'null.jpg', '', '22.29914', '114.17413', 0, 0, '2018-12-16 20:00:00', '2018-12-16 20:00:00', 0),
(550, 'Mei Hao Boutique Hotel', 0, 23699251, 5, '1125102453', 'null.jpg', '', '22.29639', '114.17222', 0, 0, '2018-12-16 20:00:00', '2018-12-16 20:00:00', 0),
(551, 'Hongkong Star Hotel', 0, 23699252, 4, '2723377', 'null.jpg', '', '22.278922', '114.17219', 0, 0, '2018-12-16 20:00:00', '2018-12-16 20:00:00', 0),
(552, 'PP Place', 0, 23699253, 9, '49952595', 'null.jpg', '', '22.283622', '114.154011', 0, 0, '2018-12-16 20:00:00', '2018-12-16 20:00:00', 0),
(553, 'Pearl House 3 Bedroom (1 King size 2 queen size)', 0, 23699254, 1, '1900641313', 'null.jpg', '', '22.296412', '114.172501', 0, 0, '2018-12-16 20:00:00', '2018-12-16 20:00:00', 0),
(554, 'UP-OTEL', 0, 23699255, 2, '1900655422', 'null.jpg', '', '22.31751', '114.17055', 0, 0, '2018-12-16 20:00:00', '2018-12-16 20:00:00', 0),
(555, 'IC Lux2 BDR apt, rooftop, pool, 3minMTR', 0, 23699256, 7, '1804460568', 'null.jpg', '', '22.29772', '114.17183', 0, 0, '2018-12-16 20:00:00', '2018-12-16 20:00:00', 0),
(556, 'IC Lux new 1BR 3min MTR, Rooftop, pool, gym', 0, 23699257, 5, '1804460567', 'null.jpg', '', '22.30507', '114.17166', 0, 0, '2018-12-16 20:00:00', '2018-12-16 20:00:00', 0),
(557, 'IC Lux High Flr, 3minMTR, Sky Bar, gym, pool', 0, 23699258, 3, '1804460572', 'null.jpg', '', '22.390543', '114.20666', 0, 0, '2018-12-16 20:00:00', '2018-12-16 20:00:00', 0),
(558, 'IC High Lv Apt with Gym and Pool 3min to MTR', 0, 23699259, 10, '1804460573', 'null.jpg', '', '22.303006', '114.169455', 0, 0, '2018-12-16 20:00:00', '2018-12-16 20:00:00', 0),
(559, 'Tokyo Hostel', 0, 23699260, 8, '555023', 'null.jpg', '', '22.317036', '114.17277', 0, 0, '2018-12-16 20:00:00', '2018-12-16 20:00:00', 0),
(560, 'wen xin da chuang fang', 0, 23699261, 9, '1902133937', 'null.jpg', '', '22.296375', '114.172414', 0, 0, '2018-12-16 20:00:00', '2018-12-16 20:00:00', 0),
(561, 'Warm and cozy big apartment next to wanchai MTR', 0, 23699262, 5, '1900914201', 'null.jpg', '', '22.306785', '114.169744', 0, 0, '2018-12-16 20:00:00', '2018-12-16 20:00:00', 0),
(562, 'Harmonium Service Apartment', 0, 23699263, 10, '1901602365', 'null.jpg', '', '22.296378', '114.172347', 0, 0, '2018-12-16 20:00:00', '2018-12-16 20:00:00', 0),
(563, 'safe&cozy 2BR Apartment', 0, 23699264, 3, '1901218319', 'null.jpg', '', '22.267861', '113.998169', 0, 0, '2018-12-16 20:00:00', '2018-12-16 20:00:00', 0),
(564, 'Best Western Penthouse Style Hong Kong', 0, 23699265, 10, '1900270527', 'null.jpg', '', '22.286429', '114.148982', 0, 0, '2018-12-16 20:00:00', '2018-12-16 20:00:00', 0),
(565, 'Yesinn @Fortress Hill', 0, 23699266, 4, '1500265', 'null.jpg', '', '22.330129', '114.192841', 0, 0, '2018-12-16 20:00:00', '2018-12-16 20:00:00', 0),
(566, 'BS Yuki Mong Kok House', 0, 23699267, 7, '1862840430', 'null.jpg', '', '22.296393', '114.172422', 0, 0, '2018-12-16 20:00:00', '2018-12-16 20:00:00', 0),
(567, 'Hong Kong Tai Wan Hotel', 0, 23699268, 1, '18871', 'null.jpg', '', '22.29559', '114.17004', 0, 0, '2018-12-16 20:00:00', '2018-12-16 20:00:00', 0),
(568, 'Metrohermitage', 0, 23699269, 3, '1901325711', 'null.jpg', '', '22.296413', '114.172406', 0, 0, '2018-12-16 20:00:00', '2018-12-16 20:00:00', 0),
(569, 'Panda''s Hostel - Star Ferry', 0, 23699270, 3, '14808968', 'null.jpg', '', '22.296255', '114.17292', 0, 0, '2018-12-16 20:00:00', '2018-12-16 20:00:00', 0),
(570, 'IC Lux 2 BathRm 3min MTR,Rooftop, Gym, Pool', 0, 23699271, 5, '1804460569', 'null.jpg', '', '22.28748', '114.14658', 0, 0, '2018-12-16 20:00:00', '2018-12-16 20:00:00', 0),
(571, 'Traveler', 0, 23699272, 6, '1901041873', 'null.jpg', '', '22.30636', '114.17146', 0, 0, '2018-12-16 20:00:00', '2018-12-16 20:00:00', 0),
(572, 'BS Yuki Tsim Sha Tsui House', 0, 23699273, 2, '1856871561', 'null.jpg', '', '22.306885', '114.167843', 0, 0, '2018-12-16 20:00:00', '2018-12-16 20:00:00', 0),
(573, 'SUPER-CENTRAL CAUSEWAY BAY PRIVACY', 0, 23699274, 5, '1901033654', 'null.jpg', '', '22.29635', '114.17294', 0, 0, '2018-12-16 20:00:00', '2018-12-16 20:00:00', 0),
(574, 'Sunrise Royal - Boutique Hostel', 0, 23699275, 10, '1705341979', 'null.jpg', '', '22.369243', '114.121111', 0, 0, '2018-12-16 20:00:00', '2018-12-16 20:00:00', 0),
(575, 'WC Downtown 3-bedroom Apartment MTR Downstairs 14C', 0, 23699276, 3, '1769427003', 'null.jpg', '', '22.320155', '114.164429', 0, 0, '2018-12-16 20:00:00', '2018-12-16 20:00:00', 0),
(576, 'Bayshore Inn - Double Room with open view Balcony P10', 0, 23699277, 10, '1750316902', 'null.jpg', '', '22.29976', '114.175506', 0, 0, '2018-12-16 20:00:00', '2018-12-16 20:00:00', 0),
(577, 'Owl Hostel', 0, 23699278, 8, '1900480314', 'null.jpg', '', '22.297302', '114.172446', 0, 0, '2018-12-16 20:00:00', '2018-12-16 20:00:00', 0),
(578, 'WC Fantastic 1-bedroom Apartment Downtwon 11E3', 0, 23699279, 5, '1765971409', 'null.jpg', '', '22.2964', '114.172441', 0, 0, '2018-12-16 20:00:00', '2018-12-16 20:00:00', 0),
(579, 'Apartment Kapok', 0, 23699280, 2, '16226', 'null.jpg', '', '22.296356', '114.172825', 0, 0, '2018-12-16 20:00:00', '2018-12-16 20:00:00', 0),
(580, 'Super 7 Hostel', 0, 23699281, 10, '4405007', 'null.jpg', '', '22.31983', '114.17073', 0, 0, '2018-12-16 20:00:00', '2018-12-16 20:00:00', 0),
(581, 'WING SING HOTEL', 0, 23699282, 2, '1067886', 'null.jpg', '', '22.296356', '114.172825', 0, 0, '2018-12-16 20:00:00', '2018-12-16 20:00:00', 0),
(582, '1+Homestay', 0, 23699283, 7, '1901325709', 'null.jpg', '', '22.208822', '114.030333', 0, 0, '2018-12-16 20:00:00', '2018-12-16 20:00:00', 0),
(583, 'Boutique Serviced Apartment - SuiteDream', 0, 23699284, 1, '1862895812', 'null.jpg', '', '22.297771', '114.171859', 0, 0, '2018-12-16 20:00:00', '2018-12-16 20:00:00', 0),
(584, '2 mins to Monkok MTR Station, 2 Cozy queen bed', 0, 23699285, 5, '1900862229', 'null.jpg', '', '22.32094', '114.161026', 0, 0, '2018-12-16 20:00:00', '2018-12-16 20:00:00', 0),
(585, '7 HOTEL', 0, 23699286, 7, '1900862230', 'null.jpg', '', '22.296408', '114.172491', 0, 0, '2018-12-16 20:00:00', '2018-12-16 20:00:00', 0),
(586, 'InnSight', 0, 23699287, 10, '555081', 'null.jpg', '', '22.296408', '114.172475', 0, 0, '2018-12-16 20:00:00', '2018-12-16 20:00:00', 0),
(587, 'Pearl House 3 Bedroom', 0, 23699288, 7, '1900716128', 'null.jpg', '', '22.2973', '114.17261', 0, 0, '2018-12-16 20:00:00', '2018-12-16 20:00:00', 0),
(588, 'LIMIN -705', 0, 23699289, 5, '1900376154', 'null.jpg', '', '22.305114', '114.170853', 0, 0, '2018-12-16 20:00:00', '2018-12-16 20:00:00', 0),
(589, 'Panda Hostel Moment', 0, 23699290, 1, '12922839', 'null.jpg', '', '22.288372', '114.143355', 0, 0, '2018-12-16 20:00:00', '2018-12-16 20:00:00', 0),
(590, 'New Tokyo Hostel', 0, 23699291, 10, '555082', 'null.jpg', '', '22.311538', '114.170791', 0, 0, '2018-12-16 20:00:00', '2018-12-16 20:00:00', 0),
(591, 'Yesinn - Causeway Bay', 0, 23699292, 8, '555092', 'null.jpg', '', '22.298183', '114.169009', 0, 0, '2018-12-16 20:00:00', '2018-12-16 20:00:00', 0),
(592, 'Woodstock Hostel', 0, 23699293, 4, '1405130956', 'null.jpg', '', '22.296085', '114.172687', 0, 0, '2018-12-16 20:00:00', '2018-12-16 20:00:00', 0),
(593, 'Everest Hostel', 0, 23699294, 4, '3909805', 'null.jpg', '', '22.29807', '114.171252', 0, 0, '2018-12-16 20:00:00', '2018-12-16 20:00:00', 0),
(594, 'KOL Apartment', 0, 23699295, 5, '1902133936', 'null.jpg', '', '22.31229', '114.17099', 0, 0, '2018-12-16 20:00:00', '2018-12-16 20:00:00', 0),
(595, 'Hop Inn on Carnarvon', 0, 23699296, 1, '2800218', 'null.jpg', '', '22.32837', '114.16044', 0, 0, '2018-12-16 20:00:00', '2018-12-16 20:00:00', 0),
(596, 'Boutique Apartment - TripX(Kowloon)', 0, 23699297, 3, '1791631243', 'null.jpg', '', '22.290028', '114.196093', 0, 0, '2018-12-16 20:00:00', '2018-12-16 20:00:00', 0),
(597, 'Shanghai Hung Tak Apartment', 0, 23699298, 1, '1899507024', 'null.jpg', '', '22.29729', '114.17249', 0, 0, '2018-12-16 20:00:00', '2018-12-16 20:00:00', 0),
(598, 'HK International Hostel', 0, 23699299, 10, '1900835793', 'null.jpg', '', '22.31983', '114.17068', 0, 0, '2018-12-16 20:00:00', '2018-12-16 20:00:00', 0),
(599, 'CM+ Hotels and Serviced Apartments', 0, 23699300, 7, '1900638288', 'null.jpg', '', '22.30879', '114.17107', 0, 0, '2018-12-16 20:00:00', '2018-12-16 20:00:00', 0),
(600, 'Me Easy Hostel', 0, 23699301, 4, '1838094', 'null.jpg', '', '22.321552', '114.168771', 0, 0, '2018-12-16 20:00:00', '2018-12-16 20:00:00', 0),
(601, 'Chung Hing', 0, 23699302, 3, '2784260', 'null.jpg', '', '22.278337', '114.183963', 0, 0, '2018-12-16 20:00:00', '2018-12-16 20:00:00', 0),
(602, 'WC 3-bedroom Apartment In City Center Two Minutes To Jordan Station 131', 0, 23699303, 8, '1769427001', 'null.jpg', '', '22.30555', '114.17103', 0, 0, '2018-12-16 20:00:00', '2018-12-16 20:00:00', 0),
(603, 'Tian Jin Hostel', 0, 23699304, 6, '1769455506', 'null.jpg', '', '22.29646', '114.17285', 0, 0, '2018-12-16 20:00:00', '2018-12-16 20:00:00', 0),
(604, 'Venetian Hostel', 0, 23699305, 1, '555038', 'null.jpg', '', '22.316837', '114.169628', 0, 0, '2018-12-16 20:00:00', '2018-12-16 20:00:00', 0),
(605, 'Ashoka Hostel', 0, 23699306, 7, '555015', 'null.jpg', '', '22.296333', '114.172315', 0, 0, '2018-12-16 20:00:00', '2018-12-16 20:00:00', 0),
(606, 'Tai Wah Boutique Hostel', 0, 23699307, 6, '49985767', 'null.jpg', '', '22.281177', '114.192096', 0, 0, '2018-12-16 20:00:00', '2018-12-16 20:00:00', 0),
(607, 'Panda''s Hostel - Cozy', 0, 23699308, 10, '555036', 'null.jpg', '', '22.295202', '114.176813', 0, 0, '2018-12-16 20:00:00', '2018-12-16 20:00:00', 0),
(608, 'Marrigold Hostel', 0, 23699309, 6, '555098', 'null.jpg', '', '22.324379', '114.16808', 0, 0, '2018-12-16 20:00:00', '2018-12-16 20:00:00', 0),
(609, 'Comfort Hostel', 0, 23699310, 7, '4399244', 'null.jpg', '', '22.27758', '114.17512', 0, 0, '2018-12-16 20:00:00', '2018-12-16 20:00:00', 0),
(610, 'Delta Hotel', 0, 23699311, 6, '17656', 'null.jpg', '', '22.317377', '114.169884', 0, 0, '2018-12-16 20:00:00', '2018-12-16 20:00:00', 0),
(611, 'City Break Inn', 0, 23699312, 10, '1863490279', 'null.jpg', '', '22.297133', '114.172465', 0, 0, '2018-12-16 20:00:00', '2018-12-16 20:00:00', 0),
(612, 'Large Boutique Style Apartment - Upper House', 0, 23699313, 2, '1863606495', 'null.jpg', '', '22.31777', '114.17047', 0, 0, '2018-12-16 20:00:00', '2018-12-16 20:00:00', 0),
(613, 'Shama Causeway Bay', 0, 23699314, 5, '1032936', 'null.jpg', '', '22.296966', '114.174235', 0, 0, '2018-12-16 20:00:00', '2018-12-16 20:00:00', 0),
(614, 'JW Hostel', 0, 23699315, 6, '1863282552', 'null.jpg', '', '22.296403', '114.172459', 0, 0, '2018-12-16 20:00:00', '2018-12-16 20:00:00', 0),
(615, 'TST 3bed+2bath near MTR', 0, 23699316, 2, '1863278787', 'null.jpg', '', '22.2799', '114.1862', 0, 0, '2018-12-16 20:00:00', '2018-12-16 20:00:00', 0),
(616, 'Moment Hostel', 0, 23699317, 9, '1704464675', 'null.jpg', '', '22.28818', '114.145586', 0, 0, '2018-12-16 20:00:00', '2018-12-16 20:00:00', 0),
(617, 'Huge & Fantastic Private Residence', 0, 23699318, 4, '1900912060', 'null.jpg', '', '22.296418', '114.172424', 0, 0, '2018-12-16 20:00:00', '2018-12-16 20:00:00', 0),
(618, 'Panda''s Hostel - Old Hong Kong', 0, 23699319, 5, '46734025', 'null.jpg', '', '22.281733', '114.183483', 0, 0, '2018-12-16 20:00:00', '2018-12-16 20:00:00', 0),
(619, 'TRAVELLER''S HOSTEL (HONG KONG INTERNATIONAL)', 0, 23699320, 5, '1835601667', 'null.jpg', '', '22.296304', '114.172406', 0, 0, '2018-12-16 20:00:00', '2018-12-16 20:00:00', 0),
(620, 'Tong Luo Wan Hostel', 0, 23699321, 3, '964489795', 'null.jpg', '', '22.30621', '114.1716', 0, 0, '2018-12-16 20:00:00', '2018-12-16 20:00:00', 0),
(621, 'Concerto Inn - Superior Room S1', 0, 23699322, 7, '1769303552', 'null.jpg', '', '22.26827', '114.18376', 0, 0, '2018-12-16 20:00:00', '2018-12-16 20:00:00', 0),
(622, 'Kamal Traveller Hostel', 0, 23699323, 6, '555140', 'null.jpg', '', '22.296368', '114.172398', 0, 0, '2018-12-16 20:00:00', '2018-12-16 20:00:00', 0),
(623, 'Parkview Suites', 0, 23699324, 4, '2305771', 'null.jpg', '', '22.27785', '114.17074', 0, 0, '2018-12-16 20:00:00', '2018-12-16 20:00:00', 0),
(624, 'TST 4bed+2bath luxury', 0, 23699325, 2, '1863278786', 'null.jpg', '', '22.29638', '114.172409', 0, 0, '2018-12-16 20:00:00', '2018-12-16 20:00:00', 0),
(625, 'Hao''s Inn', 0, 23699326, 7, '46814081', 'null.jpg', '', '22.32179', '114.16865', 0, 0, '2018-12-16 20:00:00', '2018-12-16 20:00:00', 0),
(626, 'Chung Kiu Inn Hostel', 0, 23699327, 1, '4394545', 'null.jpg', '', '22.30501', '114.17086', 0, 0, '2018-12-16 20:00:00', '2018-12-16 20:00:00', 0),
(627, 'Hong Kong Tsim Sha Tsui Downtown Backpackers', 0, 23699328, 1, '611628', 'null.jpg', '', '22.29789', '114.17538', 0, 0, '2018-12-16 20:00:00', '2018-12-16 20:00:00', 0),
(628, 'The Gallery 3 Bedroom 2 Bathroom Apt', 0, 23699329, 8, '1901218317', 'null.jpg', '', '22.243846', '114.155154', 0, 0, '2018-12-16 20:00:00', '2018-12-16 20:00:00', 0),
(629, 'Alohas Hostel', 0, 23699330, 10, '7116087', 'null.jpg', '', '22.296311', '114.172417', 0, 0, '2018-12-16 20:00:00', '2018-12-16 20:00:00', 0),
(630, 'K & B Hostel', 0, 23699331, 5, '4402110', 'null.jpg', '', '22.3192', '113.943648', 0, 0, '2018-12-16 20:00:00', '2018-12-16 20:00:00', 0),
(631, 'Ping On Inn', 0, 23699332, 7, '46914103', 'null.jpg', '', '22.296423', '114.169895', 0, 0, '2018-12-16 20:00:00', '2018-12-16 20:00:00', 0),
(632, 'Coral Inn', 0, 23699333, 6, '48007201', 'null.jpg', '', '22.2964', '114.172443', 0, 0, '2018-12-16 20:00:00', '2018-12-16 20:00:00', 0),
(633, 'AMR Hostel', 0, 23699334, 8, '48506426', 'null.jpg', '', '22.296406', '114.172436', 0, 0, '2018-12-16 20:00:00', '2018-12-16 20:00:00', 0),
(634, '[14FN] Cosy brand new 2-bed room apartment', 0, 23699335, 10, '1901381178', 'null.jpg', '', '22.286029', '114.216246', 0, 0, '2018-12-16 20:00:00', '2018-12-16 20:00:00', 0),
(635, 'Spacious 5-bedroom apartment next to Mong Kok MTR Station', 0, 23699336, 3, '1863289838', 'null.jpg', '', '22.296388', '114.172315', 0, 0, '2018-12-16 20:00:00', '2018-12-16 20:00:00', 0),
(636, 'mini studio Stanley', 0, 23699337, 8, '148539764', 'null.jpg', '', '22.370917', '114.119314', 0, 0, '2018-12-16 20:00:00', '2018-12-16 20:00:00', 0),
(637, 'Ah Shan Hostel', 0, 23699338, 7, '555024', 'null.jpg', '', '22.458481', '114.003233', 0, 0, '2018-12-16 20:00:00', '2018-12-16 20:00:00', 0),
(638, 'Bridal Tea House Hotel Sham Shui Po', 0, 23699339, 8, '575076', 'null.jpg', '', '22.322815', '114.19065', 0, 0, '2018-12-16 20:00:00', '2018-12-16 20:00:00', 0),
(639, 'Hoho Hostel', 0, 23699340, 1, '147150080', 'null.jpg', '', '22.297847', '114.172239', 0, 0, '2018-12-16 20:00:00', '2018-12-16 20:00:00', 0),
(640, 'Hong Kong Star', 0, 23699341, 9, '1018320', 'null.jpg', '', '22.277', '114.122416', 0, 0, '2018-12-16 20:00:00', '2018-12-16 20:00:00', 0),
(641, 'Dragon Hostel Hong Kong', 0, 23699342, 8, '555060', 'null.jpg', '', '22.306237', '114.172524', 0, 0, '2018-12-16 20:00:00', '2018-12-16 20:00:00', 0),
(642, 'Kowloon Budget Hostel', 0, 23699343, 7, '4401470', 'null.jpg', '', '22.30511', '114.17191', 0, 0, '2018-12-16 20:00:00', '2018-12-16 20:00:00', 0),
(643, 'IC Lux Rooftop Pool gym 2BR 3min to MTR', 0, 23699344, 8, '1804460571', 'null.jpg', '', '22.318664', '114.16765', 0, 0, '2018-12-16 20:00:00', '2018-12-16 20:00:00', 0),
(644, 'Xiao Zhuo Apartment', 0, 23699345, 3, '1901803366', 'null.jpg', '', '22.296393', '114.172465', 0, 0, '2018-12-16 20:00:00', '2018-12-16 20:00:00', 0),
(645, 'Wontonmeen', 0, 23699346, 5, '46153118', 'null.jpg', '', '22.316832', '114.169731', 0, 0, '2018-12-16 20:00:00', '2018-12-16 20:00:00', 0),
(646, 'LEO Inn Hong Kong', 0, 23699347, 6, '47257721', 'null.jpg', '', '22.305712', '114.171915', 0, 0, '2018-12-16 20:00:00', '2018-12-16 20:00:00', 0),
(647, 'Inn Square Hostel', 0, 23699348, 1, '48506428', 'null.jpg', '', '22.321461', '114.168667', 0, 0, '2018-12-16 20:00:00', '2018-12-16 20:00:00', 0),
(648, 'Hankow Hotel', 0, 23699349, 8, '7089368', 'null.jpg', '', '22.262856', '114.236771', 0, 0, '2018-12-16 20:00:00', '2018-12-16 20:00:00', 0),
(649, 'IC Lux High Floor, Harbour view near TST MTR', 0, 23699350, 3, '1862882226', 'null.jpg', '', '22.32183', '114.16863', 0, 0, '2018-12-16 20:00:00', '2018-12-16 20:00:00', 0),
(650, 'Sunrise Holiday Resort - Greenview Double Room GD2', 0, 23699351, 10, '1753149340', 'null.jpg', '', '22.27875', '114.17488', 0, 0, '2018-12-16 20:00:00', '2018-12-16 20:00:00', 0),
(651, 'Sunrise Holiday Resort - Greenview Double Room GD1', 0, 23699352, 8, '1753149337', 'null.jpg', '', '22.249602', '114.1692', 0, 0, '2018-12-16 20:00:00', '2018-12-16 20:00:00', 0),
(652, 'Wang Fat Hostel', 0, 23699353, 3, '4391037', 'null.jpg', '', '22.313504', '114.169932', 0, 0, '2018-12-16 20:00:00', '2018-12-16 20:00:00', 0);
INSERT INTO `hotel` (`id`, `name`, `star`, `phone`, `category_id`, `default_image`, `image`, `body`, `coordi_x`, `coordi_y`, `new`, `handling_price`, `updated_at`, `created_at`, `soft_delete`) VALUES
(653, 'Swiss Hostel', 0, 23699354, 7, '1900426727', 'null.jpg', '', '22.288421', '114.143395', 0, 0, '2018-12-16 20:00:00', '2018-12-16 20:00:00', 0),
(654, 'Sunrise Holiday Resort - Greenview Double Room GD4', 0, 23699355, 5, '1753149342', 'null.jpg', '', '22.297103', '114.17476', 0, 0, '2018-12-16 20:00:00', '2018-12-16 20:00:00', 0),
(655, 'Sunrise Holiday Resort - Seaview Double Room with Balcony SDB31', 0, 23699356, 1, '1753149344', 'null.jpg', '', '22.285703', '114.192172', 0, 0, '2018-12-16 20:00:00', '2018-12-16 20:00:00', 0),
(656, 'Panda''s Hostel - Stylish', 0, 23699357, 8, '555107', 'null.jpg', '', '22.29637', '114.17273', 0, 0, '2018-12-16 20:00:00', '2018-12-16 20:00:00', 0),
(657, 'Cebu Hostel', 0, 23699358, 2, '10358481', 'null.jpg', '', '22.254851', '113.910397', 0, 0, '2018-12-16 20:00:00', '2018-12-16 20:00:00', 0),
(658, 'Fuk Hua Travel House', 0, 23699359, 3, '1495623', 'null.jpg', '', '22.315323', '114.170536', 0, 0, '2018-12-16 20:00:00', '2018-12-16 20:00:00', 0),
(659, 'Modern Inn 2', 0, 23699360, 3, '1125095906', 'null.jpg', '', '22.277695', '114.170963', 0, 0, '2018-12-16 20:00:00', '2018-12-16 20:00:00', 0),
(660, 'Hitton Inn', 0, 23699361, 10, '964500723', 'null.jpg', '', '22.308116', '114.224253', 0, 0, '2018-12-16 20:00:00', '2018-12-16 20:00:00', 0),
(661, 'Time Hostel', 0, 23699362, 8, '1898498244', 'null.jpg', '', '22.299125', '114.179224', 0, 0, '2018-12-16 20:00:00', '2018-12-16 20:00:00', 0),
(662, 'The Cove Hostel - Sea Ranch', 0, 23699363, 4, '1901381179', 'null.jpg', '', '22.285349', '114.191696', 0, 0, '2018-12-16 20:00:00', '2018-12-16 20:00:00', 0),
(663, 'Happy Lucky Guesthouse', 0, 23699364, 6, '17547242', 'null.jpg', '', '22.300584', '114.173816', 0, 0, '2018-12-16 20:00:00', '2018-12-16 20:00:00', 0),
(664, 'Bellagio - Themed Room 1022', 0, 23699365, 5, '1765971077', 'null.jpg', '', '22.307582', '114.16688', 0, 0, '2018-12-16 20:00:00', '2018-12-16 20:00:00', 0),
(665, 'Lucky Hostel', 0, 23699366, 5, '555110', 'null.jpg', '', '22.219152', '114.119298', 0, 0, '2018-12-16 20:00:00', '2018-12-16 20:00:00', 0),
(666, 'Panda''s Hostel - Comics', 0, 23699367, 9, '23694342', 'null.jpg', '', '22.298976', '114.172168', 0, 0, '2018-12-16 20:00:00', '2018-12-16 20:00:00', 0),
(667, 'Sunrise Holiday Resort - Seaview Double Room SD2', 0, 23699368, 4, '1753149336', 'null.jpg', '', '22.297286', '114.172427', 0, 0, '2018-12-16 20:00:00', '2018-12-16 20:00:00', 0),
(668, 'Bayshore Inn - Double Room with green view P2', 0, 23699369, 5, '1750316894', 'null.jpg', '', '22.286575', '114.147064', 0, 0, '2018-12-16 20:00:00', '2018-12-16 20:00:00', 0),
(669, 'Geo Home Holiday Hotel', 0, 23699370, 9, '555097', 'null.jpg', '', '22.308686', '114.171054', 0, 0, '2018-12-16 20:00:00', '2018-12-16 20:00:00', 0),
(670, 'IC 2BR High Flr, Rooftop, Sky Bar, Pool, Gym', 0, 23699371, 8, '1804460570', 'null.jpg', '', '22.277546', '114.166119', 0, 0, '2018-12-16 20:00:00', '2018-12-16 20:00:00', 0),
(671, 'WC Simple 3-bedroom Apartment Two Minutes To Jordan Station 15D', 0, 23699372, 6, '1765971091', 'null.jpg', '', '22.307158', '114.172072', 0, 0, '2018-12-16 20:00:00', '2018-12-16 20:00:00', 0),
(672, 'Budget Hostel', 0, 23699373, 5, '1900380650', 'null.jpg', '', '22.277477', '114.166565', 0, 0, '2018-12-16 20:00:00', '2018-12-16 20:00:00', 0),
(673, 'Parklomen Hotel', 0, 23699374, 1, '1862978038', 'null.jpg', '', '22.282155', '114.159333', 0, 0, '2018-12-16 20:00:00', '2018-12-16 20:00:00', 0),
(674, 'CT Love In White Romantic A Blockhouse Sky Park', 0, 23699375, 6, '1704466343', 'null.jpg', '', '22.295127', '114.172577', 0, 0, '2018-12-16 20:00:00', '2018-12-16 20:00:00', 0),
(675, 'WM Yau Ma Tei Cozy Double Bed', 0, 23699376, 4, '1704466354', 'null.jpg', '', '22.299996', '114.168425', 0, 0, '2018-12-16 20:00:00', '2018-12-16 20:00:00', 0),
(676, 'Concerto Inn - Superior Room S4', 0, 23699377, 8, '1765971082', 'null.jpg', '', '22.299264', '114.168372', 0, 0, '2018-12-16 20:00:00', '2018-12-16 20:00:00', 0),
(677, 'Concerto Inn - Executive Room E4', 0, 23699378, 5, '1765971086', 'null.jpg', '', '22.29365', '114.173763', 0, 0, '2018-12-16 20:00:00', '2018-12-16 20:00:00', 0),
(678, 'WC Jordan 2-bedroom Apartment Two minutes to Jordan Station 14L', 0, 23699379, 4, '1765971095', 'null.jpg', '', '22.276176', '114.155843', 0, 0, '2018-12-16 20:00:00', '2018-12-16 20:00:00', 0),
(679, 'WC Amazing Downtown 3-bedroom One Minute To Jordan Station', 0, 23699380, 4, '1765971406', 'null.jpg', '', '22.297511', '114.173665', 0, 0, '2018-12-16 20:00:00', '2018-12-16 20:00:00', 0),
(680, 'WC Big 3-bedroom Apartment By Nathan Hotel 11D', 0, 23699381, 9, '1765971093', 'null.jpg', '', '22.298522', '114.177534', 0, 0, '2018-12-16 20:00:00', '2018-12-16 20:00:00', 0),
(681, 'Welcome Beach', 0, 23699382, 3, '1900480313', 'null.jpg', '', '22.311106', '114.170568', 0, 0, '2018-12-16 20:00:00', '2018-12-16 20:00:00', 0),
(682, 'Inn Square Hostel', 0, 23699383, 4, '663134211', 'null.jpg', '', '22.318448', '114.167478', 0, 0, '2018-12-16 20:00:00', '2018-12-16 20:00:00', 0),
(683, 'WM 3 Bedroom Apartment Cheung Hing Bldg Yau Ma Tei', 0, 23699384, 8, '1704466365', 'null.jpg', '', '22.29642', '114.172414', 0, 0, '2018-12-16 20:00:00', '2018-12-16 20:00:00', 0),
(684, 'Canadian Hostel', 0, 23699385, 6, '555049', 'null.jpg', '', '22.29167', '114.208328', 0, 0, '2018-12-16 20:00:00', '2018-12-16 20:00:00', 0),
(685, 'Yin Serviced Apartments', 0, 23699386, 3, '22554', 'null.jpg', '', '22.286997', '114.143674', 0, 0, '2018-12-16 20:00:00', '2018-12-16 20:00:00', 0),
(686, 'Mojo Nomad Aberdeen Harbour by Ovolo', 0, 23699387, 2, '511690', 'null.jpg', '', '22.297296', '114.172379', 0, 0, '2018-12-16 20:00:00', '2018-12-16 20:00:00', 0),
(687, 'Just Hotel', 0, 23699388, 4, '48044666', 'null.jpg', '', '22.305637', '114.171901', 0, 0, '2018-12-16 20:00:00', '2018-12-16 20:00:00', 0),
(688, 'Simply Hostel', 0, 23699389, 4, '555101', 'null.jpg', '', '22.304592', '114.172245', 0, 0, '2018-12-16 20:00:00', '2018-12-16 20:00:00', 0),
(689, 'A-Inn Hong Kong', 0, 23699390, 6, '20360593', 'null.jpg', '', '22.297377', '114.17289', 0, 0, '2018-12-16 20:00:00', '2018-12-16 20:00:00', 0),
(690, 'Kin Shing Hostel', 0, 23699391, 5, '1900256568', 'null.jpg', '', '22.318312', '114.169094', 0, 0, '2018-12-16 20:00:00', '2018-12-16 20:00:00', 0),
(691, 'Hang Fung Hostel', 0, 23699392, 1, '44792254', 'null.jpg', '', '22.318683', '114.169631', 0, 0, '2018-12-16 20:00:00', '2018-12-16 20:00:00', 0),
(692, 'Fortune Inn 9A', 0, 23699393, 2, '46746360', 'null.jpg', '', '22.280584', '114.155082', 0, 0, '2018-12-16 20:00:00', '2018-12-16 20:00:00', 0),
(693, 'HuaShang ShiDai Apartment', 0, 23699394, 4, '1902016411', 'null.jpg', '', '22.281262', '114.185318', 0, 0, '2018-12-16 20:00:00', '2018-12-16 20:00:00', 0),
(694, 'Melbourne Hostel', 0, 23699395, 6, '1900186663', 'null.jpg', '', '22.296499', '114.172786', 0, 0, '2018-12-16 20:00:00', '2018-12-16 20:00:00', 0),
(695, 'Harbour Guest House', 0, 23699396, 9, '4401979', 'null.jpg', '', '22.297936', '114.172255', 0, 0, '2018-12-16 20:00:00', '2018-12-16 20:00:00', 0),
(696, 'Hawaii International Hostel', 0, 23699397, 10, '149803463', 'null.jpg', '', '22.316748', '114.169764', 0, 0, '2018-12-16 20:00:00', '2018-12-16 20:00:00', 0),
(697, 'Homy Inn', 0, 23699398, 1, '555080', 'null.jpg', '', '22.297232', '114.172363', 0, 0, '2018-12-16 20:00:00', '2018-12-16 20:00:00', 0),
(698, 'Osaka Hostel', 0, 23699399, 10, '738335', 'null.jpg', '', '22.29641', '114.172438', 0, 0, '2018-12-16 20:00:00', '2018-12-16 20:00:00', 0),
(699, 'Naruto Inn', 0, 23699400, 4, '48053973', 'null.jpg', '', '22.285168', '114.192133', 0, 0, '2018-12-16 20:00:00', '2018-12-16 20:00:00', 0),
(700, 'UK Hostel', 0, 23699401, 5, '555047', 'null.jpg', '', '22.281219', '114.1721', 0, 0, '2018-12-16 20:00:00', '2018-12-16 20:00:00', 0),
(701, 'USA Hostel Hong Kong', 0, 23699402, 2, '555006', 'null.jpg', '', '22.298748', '114.174608', 0, 0, '2018-12-16 20:00:00', '2018-12-16 20:00:00', 0),
(702, 'Din Dian Hostel', 0, 23699403, 2, '28358039', 'null.jpg', '', '22.289111', '114.191777', 0, 0, '2018-12-16 20:00:00', '2018-12-16 20:00:00', 0),
(703, 'Traveller''s Hostel', 0, 23699404, 2, '1863436398', 'null.jpg', '', '22.301478', '114.174549', 0, 0, '2018-12-16 20:00:00', '2018-12-16 20:00:00', 0),
(704, 'Luxury home 3 BD for family in Canton Road TST', 0, 23699405, 9, '1901495814', 'null.jpg', '', '22.294939', '114.170979', 0, 0, '2018-12-16 20:00:00', '2018-12-16 20:00:00', 0),
(705, 'Harbor Plaza Hostel - Yau Ma Tei', 0, 23699406, 5, '49129274', 'null.jpg', '', '22.295782', '114.171735', 0, 0, '2018-12-16 20:00:00', '2018-12-16 20:00:00', 0),
(706, 'The Kala Boutique Hotel', 0, 23699407, 1, '46999291', 'null.jpg', '', '22.285796', '114.131938', 0, 0, '2018-12-16 20:00:00', '2018-12-16 20:00:00', 0),
(707, 'Ginza Hostel', 0, 23699408, 4, '27720479', 'null.jpg', '', '22.310284', '114.170005', 0, 0, '2018-12-16 20:00:00', '2018-12-16 20:00:00', 0),
(708, '218 Apartment', 0, 23699409, 7, '50503239', 'null.jpg', '', '22.300226', '114.175962', 0, 0, '2018-12-16 20:00:00', '2018-12-16 20:00:00', 0),
(709, 'Tai Wah Hostel', 0, 23699410, 6, '30649898', 'null.jpg', '', '22.29644', '114.172368', 0, 0, '2018-12-16 20:00:00', '2018-12-16 20:00:00', 0),
(710, 'Sing Yuet Hostel', 0, 23699411, 1, '40614189', 'null.jpg', '', '22.276985', '114.177153', 0, 0, '2018-12-16 20:00:00', '2018-12-16 20:00:00', 0),
(711, 'Hoi To Hostel', 0, 23699412, 8, '1769455507', 'null.jpg', '', '22.286122', '114.19077', 0, 0, '2018-12-16 20:00:00', '2018-12-16 20:00:00', 0),
(712, 'Dutch Hostel', 0, 23699413, 4, '1458212526', 'null.jpg', '', '22.298603', '114.172384', 0, 0, '2018-12-16 20:00:00', '2018-12-16 20:00:00', 0),
(713, 'YHA Jockey Club Mt. Davis Youth Hostel', 0, 23699414, 5, '4419689', 'null.jpg', '', '22.284783', '114.152323', 0, 0, '2018-12-16 20:00:00', '2018-12-16 20:00:00', 0),
(714, 'Jordan Comfort Inn', 0, 23699415, 5, '768192', 'null.jpg', '', '22.281336', '114.185282', 0, 0, '2018-12-16 20:00:00', '2018-12-16 20:00:00', 0),
(715, 'New London Hostel', 0, 23699416, 8, '555044', 'null.jpg', '', '22.297736', '114.17202', 0, 0, '2018-12-16 20:00:00', '2018-12-16 20:00:00', 0),
(716, 'Kowloon Commercial Inn', 0, 23699417, 4, '19788', 'null.jpg', '', '22.28508', '114.151433', 0, 0, '2018-12-16 20:00:00', '2018-12-16 20:00:00', 0),
(717, 'Prince Hostel', 0, 23699418, 9, '23695327', 'null.jpg', '', '22.305156', '114.171781', 0, 0, '2018-12-16 20:00:00', '2018-12-16 20:00:00', 0),
(718, 'CHI RESIDENCES 138', 0, 23699419, 8, '17538', 'null.jpg', '', '22.297191', '114.174779', 0, 0, '2018-12-16 20:00:00', '2018-12-16 20:00:00', 0),
(719, 'YHA Ngong Ping SG Davis Youth Hostel', 0, 23699420, 9, '4403623', 'null.jpg', '', '22.30084', '114.173961', 0, 0, '2018-12-16 20:00:00', '2018-12-16 20:00:00', 0),
(720, 'Panda''s Hostel - Elegant', 0, 23699421, 7, '1789629', 'null.jpg', '', '22.286063', '114.150987', 0, 0, '2018-12-16 20:00:00', '2018-12-16 20:00:00', 0),
(721, 'Kowloon New Hostel', 0, 23699422, 10, '555046', 'null.jpg', '', '22.30577', '114.17184', 0, 0, '2018-12-16 20:00:00', '2018-12-16 20:00:00', 0),
(722, 'Knight On Wyndham Apartment', 0, 23699423, 5, '2807298', 'null.jpg', '', '22.370704', '114.129737', 0, 0, '2018-12-16 20:00:00', '2018-12-16 20:00:00', 0),
(723, 'Hong Kong Inn', 0, 23699424, 10, '4399243', 'null.jpg', '', '22.297773', '114.17247', 0, 0, '2018-12-16 20:00:00', '2018-12-16 20:00:00', 0),
(724, 'Apple Hostel', 0, 23699425, 10, '4402635', 'null.jpg', '', '22.283838', '114.146675', 0, 0, '2018-12-16 20:00:00', '2018-12-16 20:00:00', 0),
(725, 'Apple Inn - MongKok', 0, 23699426, 4, '7116000', 'null.jpg', '', '22.335092', '114.176968', 0, 0, '2018-12-16 20:00:00', '2018-12-16 20:00:00', 0),
(726, 'Russian Hostel', 0, 23699427, 6, '11290883', 'null.jpg', '', '22.317459', '114.170402', 0, 0, '2018-12-16 20:00:00', '2018-12-16 20:00:00', 0),
(727, 'Boutique 1946 Hostel', 0, 23699428, 3, '37204068', 'null.jpg', '', '22.296328', '114.17269', 0, 0, '2018-12-16 20:00:00', '2018-12-16 20:00:00', 0),
(728, 'Fuji Hostel', 0, 23699429, 1, '1322380266', 'null.jpg', '', '22.296338', '114.172417', 0, 0, '2018-12-16 20:00:00', '2018-12-16 20:00:00', 0),
(729, 'Hong Kong Hostel (Tsim Sha Tsui Mansion)', 0, 23699430, 7, '1863271542', 'null.jpg', '', '22.296395', '114.172811', 0, 0, '2018-12-16 20:00:00', '2018-12-16 20:00:00', 0),
(730, 'Hang Ho Hostel', 0, 23699431, 8, '18714', 'null.jpg', '', '22.299637', '114.173058', 0, 0, '2018-12-16 20:00:00', '2018-12-16 20:00:00', 0),
(731, 'Hong Kong Le Cong Fraternal Association Hostel', 0, 23699432, 6, '7708472', 'null.jpg', '', '22.297068', '114.17266', 0, 0, '2018-12-16 20:00:00', '2018-12-16 20:00:00', 0),
(732, 'Mier Serviced Apartments', 0, 23699433, 7, '19358636', 'null.jpg', '', '22.29632', '114.172432', 0, 0, '2018-12-16 20:00:00', '2018-12-16 20:00:00', 0),
(733, 'HK Star Hostel', 0, 23699434, 7, '29869096', 'null.jpg', '', '22.297481', '114.171521', 0, 0, '2018-12-16 20:00:00', '2018-12-16 20:00:00', 0),
(734, 'Sydney Hostel', 0, 23699435, 9, '45032330', 'null.jpg', '', '22.296515', '114.172306', 0, 0, '2018-12-16 20:00:00', '2018-12-16 20:00:00', 0),
(735, 'Four Seasons Hotel Hong Kong', 5, 23699435, 1, '', '1544967651.jpg', '<!DOCTYPE html>\r\n<html>\r\n<head>\r\n</head>\r\n<body>\r\n\r\n</body>\r\n</html>', ' 22.286460454324143 ', ' 114.15710392507543 ', 1, 0, '2018-12-16 21:41:52', '2018-12-16 21:40:52', 0),
(736, 'The Mira Hong Kong', 5, 23699437, 8, '', '1544969208.jpg', '<!DOCTYPE html>\r\n<html>\r\n<head>\r\n</head>\r\n<body>\r\n\r\n</body>\r\n</html>', ' 22.300129574561733 ', ' 114.17235026655675 ', 1, 0, '2018-12-16 22:06:49', '2018-12-16 22:05:53', 0),
(737, 'Shangri-La Hotels Hong Kong', 5, 99987777, 1, '', '1546249271.jpg', '<!DOCTYPE html>\r\n<html>\r\n<head>\r\n</head>\r\n<body>\r\n<div class="content-con" style="box-sizing: border-box; flex: 1 1 0%; margin-right: 40px; padding-top: 60px; color: #333333; overflow: hidden;">\r\n<div class="tit title-regular" style="box-sizing: border-box; font-family: PlayfairDisplay, Georgia, ''Times New Roman'', serif; font-size: 28px; line-height: 30px; overflow: hidden; text-overflow: ellipsis; white-space: nowrap;">About</div>\r\n<div class="desc text-regular" style="box-sizing: border-box; font-family: Montserrat, Verdana, Helvetica, Arial, sans-serif; margin-top: 20px; line-height: 20px; display: -webkit-box; -webkit-box-orient: vertical; -webkit-line-clamp: 7; overflow: hidden; max-height: 140px;">An elegant urban sanctuary soaring above the skyline&nbsp;<br style="box-sizing: border-box;" />Rising to a commanding 56 floors, Island Shangri-La, Hong Kong provides a peaceful escape and panoramic views of the iconic Peak and Victoria Harbour, in the very heart of Hong Kong.</div>\r\n<div class="list" style="box-sizing: border-box; margin-top: 40px;">\r\n<div class="item" style="box-sizing: border-box; position: relative; margin-top: 0px; margin-left: 26px; line-height: 20px;">565 spacious rooms and suites</div>\r\n<div class="item" style="box-sizing: border-box; position: relative; margin-top: 20px; margin-left: 26px; line-height: 20px;">8 award-winning restaurants and bars</div>\r\n<div class="item" style="box-sizing: border-box; position: relative; margin-top: 20px; margin-left: 26px; line-height: 20px;">Two-minute walk from Pacific Place Mall</div>\r\n</div>\r\n<a class="link-btn text-medium" style="box-sizing: border-box; text-decoration-line: none; font-family: Montserrat, Verdana, Helvetica, Arial, sans-serif; display: inline-block; min-width: 140px; margin-top: 60px; padding-left: 14px; padding-right: 14px; height: 36px; line-height: 36px; text-align: center; color: #876a20; border: 1px solid; cursor: pointer;" href="https://www.shangri-la.com/hongkong/islandshangrila/about/">Learn More</a></div>\r\n<div class="content-con" style="box-sizing: border-box; flex: 1 1 0%; margin-right: 40px; padding-top: 60px; color: #333333; overflow: hidden;">&nbsp;</div>\r\n<div class="img-con" style="box-sizing: border-box; position: relative; width: 600px; height: 500px;"><img class="img" style="box-sizing: border-box; border: 0px; vertical-align: middle; width: 600px; height: 500px; position: absolute; left: 0px; top: 0px; z-index: 2; background-color: #e7e8e9; color: #333333; font-family: Montserrat, Verdana, Helvetica, Arial, sans-serif; font-size: 12px;" src="https://www.shangri-la.com/uploadedImages/Shangri-la_Hotels/New_Website/ISL_AboutHotelBanner.jpg?w=600&amp;h=500&amp;mode=crop&amp;scale=both" /></div>\r\n<p>&nbsp;</p>\r\n</body>\r\n</html>', ' 22.277217720952894 ', ' 114.16423286118459 ', 1, 100, '2018-12-31 17:46:59', '2018-12-31 17:41:11', 0),
(738, 'Sheraton Grande Tokyo Bay Hotel', 5, 66889988, 9, '', '1546250137.jpg', '<!DOCTYPE html>\r\n<html>\r\n<head>\r\n</head>\r\n<body>\r\n<div id="summary" class="" style="color: #383838; font-family: BlinkMacSystemFont, -apple-system, ''Segoe UI'', Roboto, Helvetica, Arial, sans-serif;" data-et-mouseenter="customGoal:BUeeZaTaTaBEKMPXLae:1 customGoal:BUeeHNSPdMPISWXGBbLPYO:1\r\ncustomGoal:BUeeHNSPBAHT:1 customGoal:BUeeHNSPBAcZGPHe:1\r\ncustomGoal:BUeeHNSPCaASBaRDSGEXO:1 customGoal:BUeeZdbaBMRbBYWKOBLHXT:1" data-et-click="customGoal:BUeeZaTaTaBEKMPXLae:2 customGoal:BUeeHNSPdMPISWXGBbLPYO:2\r\ncustomGoal:BUeeHNSPBAHT:2 customGoal:BUeeHNSPBAcZGPHe:2\r\ncustomGoal:BUeeHNSPCaASBaRDSGEXO:2 customGoal:BUeeZdbaBMRbBYWKOBLHXT:2">\r\n<p>東京灣喜來登大飯店是東京迪士尼度假區（Tokyo Disney Resort）的官方飯店，館內設有室內和室外游泳池、迪士尼專賣店、兒童遊樂區和 4 間餐廳。步行 2 分鐘即可抵達迪士尼度假區線（Disney Resort Line）的海濱站（Bayside Station）。飯店客房寬敞舒適，配有喜來登甜夢之床（Sheraton Sweet Sleeper bed）與絲緞床單。</p>\r\n<p>每間客房均設有休息區，並配有可收看衛星頻道和有線頻道的液晶電視。多數客房陽台享有迪士尼度假區或東京灣的景緻。客房內備有拖鞋和浴袍，並提供 24 小時客房服務。房內亦備有咖啡機。</p>\r\n<p>飯店內設有健身房及附桑拿浴的公共澡堂，另外亦可應客人要求提供按摩服務。大廳設有可免費上網的電腦、印表機，並提供免費 WiFi。飯店提供當日入住前行的李寄存服務。</p>\r\n<p>Caf&eacute; Toastina 咖啡廳的設計宛如豪華郵輪，提供香濃咖啡和美味糕點。館內的 Asuka 餐廳供應日本料理，Maihama 餐廳供應鐵板燒特色美食，另外 Grand Cafe 咖啡廳則供應各式國際菜餚。</p>\r\n<p>飯店提供免費接駁服務，協助客人前往鄰近的單軌電車海濱站（Bayside Monorail Station）。從該站搭乘單軌電車加步行， 10 分鐘內即可抵達 JR 舞濱站（JR Maihama Station）。 從舞濱站轉乘火車，只需 20 分鐘即可抵達東京車站（Tokyo Station）。成田機場和羽田機場有機場豪華巴士（Airport Limousine Bus）可直達飯店。&nbsp;</p>\r\n</div>\r\n<p class="hp-desc-review-highlight hp-desc-traveller-type--ph-v0" style="color: #383838; font-family: BlinkMacSystemFont, -apple-system, ''Segoe UI'', Roboto, Helvetica, Arial, sans-serif;">情侶特別喜歡這個位置－並給他們的雙人旅行住宿體驗&nbsp;<strong>8.5</strong>&nbsp;分</p>\r\n</body>\r\n</html>', '35.699489924599796', '139.82558496577212', 1, 50, '2018-12-31 17:55:37', '2018-12-31 17:55:37', 0);

-- --------------------------------------------------------

--
-- 資料表結構 `hotel_comment`
--

CREATE TABLE `hotel_comment` (
  `id` int(11) NOT NULL,
  `hotel_id` int(11) NOT NULL,
  `user_id` int(11) NOT NULL,
  `comment` text NOT NULL,
  `star` float DEFAULT '0',
  `status` int(11) NOT NULL,
  `updated_at` datetime NOT NULL,
  `created_at` datetime NOT NULL
) ENGINE=InnoDB DEFAULT CHARSET=utf8;

--
-- 資料表的匯出資料 `hotel_comment`
--

INSERT INTO `hotel_comment` (`id`, `hotel_id`, `user_id`, `comment`, `star`, `status`, `updated_at`, `created_at`) VALUES
(5, 42, 11, 'Great hotel!', 4.5, 1, '2018-12-27 22:52:41', '2018-12-27 22:52:41'),
(6, 40, 2, 'very excellent hotel!', 5, 1, '2018-12-27 23:13:03', '2018-12-27 23:13:03'),
(7, 40, 5, 'Great hotel ! Thank for the services.', 4.5, 1, '2018-12-27 23:16:19', '2018-12-27 23:16:19'),
(8, 43, 2, 'nice!', 3.5, 1, '2018-12-28 00:45:46', '2018-12-28 00:45:46'),
(9, 43, 2, 'great~', 3, 1, '2018-12-28 00:46:09', '2018-12-28 00:46:09'),
(10, 41, 2, 'great hotel but too many tourists there :(', 2.5, 1, '2018-12-29 16:37:59', '2018-12-29 16:37:59');

-- --------------------------------------------------------

--
-- 資料表結構 `hotel_facility`
--

CREATE TABLE `hotel_facility` (
  `id` int(11) NOT NULL,
  `hotel_id` int(11) NOT NULL,
  `free_cancel` int(11) NOT NULL,
  `all_day_services` int(11) NOT NULL,
  `wifi` int(11) NOT NULL,
  `restaurant` int(11) NOT NULL,
  `washing_service` int(11) NOT NULL,
  `car_park` int(11) NOT NULL,
  `meeting_room` int(11) NOT NULL,
  `bar` int(11) NOT NULL,
  `gym_room` int(11) NOT NULL,
  `swim_pool` int(11) NOT NULL,
  `updated_at` datetime NOT NULL,
  `created_at` datetime NOT NULL
) ENGINE=InnoDB DEFAULT CHARSET=utf8;

--
-- 資料表的匯出資料 `hotel_facility`
--

INSERT INTO `hotel_facility` (`id`, `hotel_id`, `free_cancel`, `all_day_services`, `wifi`, `restaurant`, `washing_service`, `car_park`, `meeting_room`, `bar`, `gym_room`, `swim_pool`, `updated_at`, `created_at`) VALUES
(2, 0, 0, 0, 0, 0, 0, 0, 0, 0, 0, 0, '0000-00-00 00:00:00', '0000-00-00 00:00:00'),
(3, 40, 0, 1, 1, 1, 1, 1, 1, 1, 1, 1, '2018-12-16 20:00:00', '2018-12-16 20:00:00'),
(4, 41, 1, 0, 1, 1, 1, 1, 1, 1, 1, 1, '2018-12-16 20:00:00', '2018-12-16 20:00:00'),
(5, 42, 1, 1, 0, 1, 1, 1, 1, 1, 1, 1, '2018-12-16 20:00:00', '2018-12-16 20:00:00'),
(6, 43, 1, 1, 1, 0, 1, 1, 1, 1, 1, 1, '2018-12-16 20:00:00', '2018-12-16 20:00:00'),
(7, 44, 1, 1, 1, 1, 0, 1, 1, 1, 1, 1, '2018-12-16 20:00:00', '2018-12-16 20:00:00'),
(8, 45, 1, 1, 1, 1, 1, 0, 1, 1, 1, 1, '2018-12-16 20:00:00', '2018-12-16 20:00:00'),
(9, 46, 1, 1, 1, 1, 1, 1, 0, 1, 1, 1, '2018-12-16 20:00:00', '2018-12-16 20:00:00'),
(10, 47, 1, 1, 1, 1, 1, 1, 1, 0, 1, 1, '2018-12-16 20:00:00', '2018-12-16 20:00:00'),
(11, 48, 1, 1, 1, 1, 1, 1, 1, 1, 0, 1, '2018-12-16 20:00:00', '2018-12-16 20:00:00'),
(12, 49, 1, 1, 1, 1, 1, 1, 1, 1, 1, 0, '2018-12-16 20:00:00', '2018-12-16 20:00:00'),
(13, 50, 1, 1, 1, 1, 1, 1, 1, 1, 0, 1, '2018-12-16 20:00:00', '2018-12-16 20:00:00'),
(14, 51, 1, 1, 1, 1, 1, 1, 1, 0, 1, 1, '2018-12-16 20:00:00', '2018-12-16 20:00:00'),
(15, 52, 1, 1, 1, 1, 1, 1, 0, 1, 1, 1, '2018-12-16 20:00:00', '2018-12-16 20:00:00'),
(16, 53, 1, 1, 1, 1, 1, 0, 1, 1, 1, 1, '2018-12-16 20:00:00', '2018-12-16 20:00:00'),
(17, 54, 1, 1, 1, 1, 0, 1, 1, 1, 1, 1, '2018-12-16 20:00:00', '2018-12-16 20:00:00'),
(18, 55, 1, 1, 1, 0, 1, 1, 1, 1, 1, 1, '2018-12-16 20:00:00', '2018-12-16 20:00:00'),
(19, 56, 1, 1, 0, 1, 1, 1, 1, 1, 1, 1, '2018-12-16 20:00:00', '2018-12-16 20:00:00'),
(20, 57, 1, 0, 1, 1, 1, 1, 1, 1, 1, 1, '2018-12-16 20:00:00', '2018-12-16 20:00:00'),
(21, 58, 0, 1, 1, 1, 1, 1, 1, 1, 1, 1, '2018-12-16 20:00:00', '2018-12-16 20:00:00'),
(22, 59, 1, 0, 1, 1, 1, 1, 1, 1, 1, 1, '2018-12-16 20:00:00', '2018-12-16 20:00:00'),
(23, 60, 1, 1, 0, 1, 1, 1, 1, 1, 1, 1, '2018-12-16 20:00:00', '2018-12-16 20:00:00'),
(24, 61, 1, 1, 1, 0, 1, 1, 1, 1, 1, 1, '2018-12-16 20:00:00', '2018-12-16 20:00:00'),
(25, 62, 1, 1, 1, 1, 0, 1, 1, 1, 1, 1, '2018-12-16 20:00:00', '2018-12-16 20:00:00'),
(26, 63, 1, 1, 1, 1, 1, 0, 1, 1, 1, 1, '2018-12-16 20:00:00', '2018-12-16 20:00:00'),
(27, 64, 1, 1, 1, 1, 1, 1, 0, 1, 1, 1, '2018-12-16 20:00:00', '2018-12-16 20:00:00'),
(28, 65, 1, 1, 1, 1, 1, 1, 1, 0, 1, 1, '2018-12-16 20:00:00', '2018-12-16 20:00:00'),
(29, 66, 1, 1, 1, 1, 1, 1, 1, 1, 0, 1, '2018-12-16 20:00:00', '2018-12-16 20:00:00'),
(30, 67, 1, 1, 1, 1, 0, 1, 1, 1, 1, 0, '2018-12-16 20:00:00', '2018-12-16 20:00:00'),
(31, 68, 1, 1, 1, 1, 1, 1, 1, 1, 1, 1, '2018-12-16 20:00:00', '2018-12-16 20:00:00'),
(32, 69, 1, 1, 1, 1, 1, 0, 1, 1, 1, 1, '2018-12-16 20:00:00', '2018-12-16 20:00:00'),
(33, 70, 1, 0, 1, 1, 1, 1, 1, 1, 1, 1, '2018-12-16 20:00:00', '2018-12-16 20:00:00'),
(34, 71, 1, 1, 1, 1, 1, 1, 1, 1, 1, 1, '2018-12-16 20:00:00', '2018-12-16 20:00:00'),
(35, 72, 1, 1, 1, 1, 0, 1, 1, 1, 1, 1, '2018-12-16 20:00:00', '2018-12-16 20:00:00'),
(36, 73, 1, 1, 1, 1, 1, 1, 1, 1, 1, 1, '2018-12-16 20:00:00', '2018-12-16 20:00:00'),
(37, 74, 1, 0, 1, 1, 1, 1, 0, 1, 1, 1, '2018-12-16 20:00:00', '2018-12-16 20:00:00'),
(38, 75, 1, 1, 1, 1, 1, 1, 1, 1, 1, 1, '2018-12-16 20:00:00', '2018-12-16 20:00:00'),
(39, 76, 1, 1, 1, 1, 1, 1, 1, 1, 1, 1, '2018-12-16 20:00:00', '2018-12-16 20:00:00'),
(40, 77, 1, 1, 1, 0, 0, 1, 1, 1, 1, 1, '2018-12-16 20:00:00', '2018-12-16 20:00:00'),
(41, 78, 1, 0, 1, 1, 1, 1, 1, 1, 1, 1, '2018-12-16 20:00:00', '2018-12-16 20:00:00'),
(42, 79, 1, 1, 1, 1, 1, 1, 1, 1, 0, 1, '2018-12-16 20:00:00', '2018-12-16 20:00:00'),
(43, 80, 1, 1, 0, 1, 1, 1, 1, 1, 1, 1, '2018-12-16 20:00:00', '2018-12-16 20:00:00'),
(44, 81, 1, 0, 1, 1, 1, 1, 1, 1, 1, 1, '2018-12-16 20:00:00', '2018-12-16 20:00:00'),
(45, 82, 1, 1, 1, 1, 1, 1, 1, 1, 1, 1, '2018-12-16 20:00:00', '2018-12-16 20:00:00'),
(46, 83, 1, 1, 1, 0, 0, 1, 0, 1, 0, 1, '2018-12-16 20:00:00', '2018-12-16 20:00:00'),
(47, 84, 1, 1, 1, 1, 1, 1, 1, 1, 1, 1, '2018-12-16 20:00:00', '2018-12-16 20:00:00'),
(48, 85, 1, 1, 1, 1, 1, 1, 1, 1, 0, 1, '2018-12-16 20:00:00', '2018-12-16 20:00:00'),
(49, 86, 1, 1, 1, 1, 1, 1, 1, 1, 1, 1, '2018-12-16 20:00:00', '2018-12-16 20:00:00'),
(50, 87, 1, 1, 1, 1, 1, 1, 1, 1, 1, 1, '2018-12-16 20:00:00', '2018-12-16 20:00:00'),
(51, 88, 0, 1, 1, 1, 1, 1, 1, 1, 1, 1, '2018-12-16 20:00:00', '2018-12-16 20:00:00'),
(52, 89, 1, 1, 1, 1, 1, 1, 1, 0, 1, 1, '2018-12-16 20:00:00', '2018-12-16 20:00:00'),
(53, 90, 1, 1, 1, 1, 1, 1, 1, 1, 1, 1, '2018-12-16 20:00:00', '2018-12-16 20:00:00'),
(54, 91, 1, 1, 1, 1, 1, 1, 1, 1, 1, 1, '2018-12-16 20:00:00', '2018-12-16 20:00:00'),
(55, 92, 1, 1, 1, 1, 1, 1, 1, 1, 1, 1, '2018-12-16 20:00:00', '2018-12-16 20:00:00'),
(56, 93, 1, 0, 1, 1, 1, 1, 1, 1, 1, 1, '2018-12-16 20:00:00', '2018-12-16 20:00:00'),
(57, 94, 1, 1, 1, 1, 1, 1, 1, 1, 1, 1, '2018-12-16 20:00:00', '2018-12-16 20:00:00'),
(58, 95, 1, 1, 1, 1, 1, 1, 1, 1, 1, 1, '2018-12-16 20:00:00', '2018-12-16 20:00:00'),
(59, 96, 1, 1, 1, 1, 1, 1, 1, 1, 1, 1, '2018-12-16 20:00:00', '2018-12-16 20:00:00'),
(60, 97, 1, 1, 0, 1, 1, 1, 1, 0, 1, 1, '2018-12-16 20:00:00', '2018-12-16 20:00:00'),
(61, 98, 1, 1, 1, 1, 1, 1, 1, 1, 1, 1, '2018-12-16 20:00:00', '2018-12-16 20:00:00'),
(62, 99, 1, 1, 1, 1, 1, 1, 1, 1, 1, 1, '2018-12-16 20:00:00', '2018-12-16 20:00:00'),
(63, 100, 1, 1, 0, 1, 1, 1, 0, 1, 1, 1, '2018-12-16 20:00:00', '2018-12-16 20:00:00'),
(64, 101, 1, 1, 1, 1, 1, 1, 1, 1, 1, 1, '2018-12-16 20:00:00', '2018-12-16 20:00:00'),
(65, 102, 1, 1, 1, 1, 1, 1, 1, 1, 1, 1, '2018-12-16 20:00:00', '2018-12-16 20:00:00'),
(66, 103, 1, 1, 1, 1, 1, 1, 1, 1, 0, 1, '2018-12-16 20:00:00', '2018-12-16 20:00:00'),
(67, 104, 0, 1, 1, 1, 1, 1, 1, 1, 1, 1, '2018-12-16 20:00:00', '2018-12-16 20:00:00'),
(68, 105, 1, 0, 1, 1, 1, 1, 1, 1, 1, 1, '2018-12-16 20:00:00', '2018-12-16 20:00:00'),
(69, 106, 1, 1, 1, 1, 1, 1, 1, 1, 1, 1, '2018-12-16 20:00:00', '2018-12-16 20:00:00'),
(70, 107, 1, 1, 1, 1, 0, 1, 1, 1, 1, 1, '2018-12-16 20:00:00', '2018-12-16 20:00:00'),
(71, 108, 1, 1, 1, 1, 1, 1, 1, 1, 1, 1, '2018-12-16 20:00:00', '2018-12-16 20:00:00'),
(72, 109, 1, 0, 1, 0, 1, 1, 1, 1, 0, 1, '2018-12-16 20:00:00', '2018-12-16 20:00:00'),
(73, 110, 1, 1, 1, 1, 1, 1, 1, 1, 1, 1, '2018-12-16 20:00:00', '2018-12-16 20:00:00'),
(74, 111, 0, 1, 1, 1, 1, 1, 1, 0, 1, 1, '2018-12-16 20:00:00', '2018-12-16 20:00:00'),
(75, 112, 1, 1, 1, 1, 1, 0, 1, 1, 1, 1, '2018-12-16 20:00:00', '2018-12-16 20:00:00'),
(76, 113, 1, 1, 1, 1, 0, 1, 1, 1, 1, 1, '2018-12-16 20:00:00', '2018-12-16 20:00:00'),
(77, 114, 1, 0, 1, 1, 1, 1, 1, 1, 0, 1, '2018-12-16 20:00:00', '2018-12-16 20:00:00'),
(78, 115, 1, 1, 1, 0, 1, 1, 1, 1, 1, 1, '2018-12-16 20:00:00', '2018-12-16 20:00:00'),
(79, 116, 1, 1, 1, 1, 1, 1, 1, 1, 0, 0, '2018-12-16 20:00:00', '2018-12-16 20:00:00'),
(80, 117, 1, 1, 1, 1, 1, 1, 1, 1, 0, 1, '2018-12-16 20:00:00', '2018-12-16 20:00:00'),
(81, 118, 1, 1, 0, 1, 1, 1, 1, 1, 0, 1, '2018-12-16 20:00:00', '2018-12-16 20:00:00'),
(82, 119, 1, 1, 1, 1, 1, 1, 1, 1, 1, 1, '2018-12-16 20:00:00', '2018-12-16 20:00:00'),
(83, 120, 1, 0, 1, 1, 1, 1, 1, 1, 1, 1, '2018-12-16 20:00:00', '2018-12-16 20:00:00'),
(84, 121, 1, 1, 1, 1, 1, 1, 1, 1, 1, 1, '2018-12-16 20:00:00', '2018-12-16 20:00:00'),
(85, 122, 1, 1, 1, 1, 1, 0, 0, 1, 1, 1, '2018-12-16 20:00:00', '2018-12-16 20:00:00'),
(86, 123, 1, 1, 0, 1, 1, 1, 1, 1, 1, 1, '2018-12-16 20:00:00', '2018-12-16 20:00:00'),
(87, 124, 1, 1, 0, 1, 1, 1, 1, 1, 1, 1, '2018-12-16 20:00:00', '2018-12-16 20:00:00'),
(88, 125, 1, 1, 1, 1, 1, 1, 1, 1, 1, 1, '2018-12-16 20:00:00', '2018-12-16 20:00:00'),
(89, 126, 1, 0, 1, 1, 1, 1, 1, 1, 1, 1, '2018-12-16 20:00:00', '2018-12-16 20:00:00'),
(90, 127, 1, 0, 1, 1, 1, 1, 1, 1, 1, 1, '2018-12-16 20:00:00', '2018-12-16 20:00:00'),
(91, 128, 1, 1, 1, 1, 1, 0, 1, 1, 1, 1, '2018-12-16 20:00:00', '2018-12-16 20:00:00'),
(92, 129, 0, 1, 1, 1, 0, 1, 1, 1, 1, 1, '2018-12-16 20:00:00', '2018-12-16 20:00:00'),
(93, 130, 1, 1, 1, 1, 1, 1, 1, 1, 1, 1, '2018-12-16 20:00:00', '2018-12-16 20:00:00'),
(94, 131, 1, 1, 1, 1, 1, 1, 1, 1, 1, 1, '2018-12-16 20:00:00', '2018-12-16 20:00:00'),
(95, 132, 0, 1, 1, 0, 1, 0, 1, 1, 1, 1, '2018-12-16 20:00:00', '2018-12-16 20:00:00'),
(96, 133, 1, 1, 1, 1, 1, 0, 1, 1, 0, 1, '2018-12-16 20:00:00', '2018-12-16 20:00:00'),
(97, 134, 1, 1, 1, 1, 1, 1, 1, 1, 1, 1, '2018-12-16 20:00:00', '2018-12-16 20:00:00'),
(98, 135, 1, 1, 1, 0, 0, 1, 1, 1, 1, 1, '2018-12-16 20:00:00', '2018-12-16 20:00:00'),
(99, 136, 0, 1, 1, 1, 1, 1, 1, 1, 1, 1, '2018-12-16 20:00:00', '2018-12-16 20:00:00'),
(100, 137, 1, 1, 1, 1, 1, 1, 1, 1, 1, 1, '2018-12-16 20:00:00', '2018-12-16 20:00:00'),
(101, 138, 1, 1, 1, 1, 1, 1, 1, 1, 1, 1, '2018-12-16 20:00:00', '2018-12-16 20:00:00'),
(102, 139, 1, 1, 1, 0, 1, 1, 1, 0, 1, 1, '2018-12-16 20:00:00', '2018-12-16 20:00:00'),
(103, 140, 1, 1, 1, 1, 1, 1, 1, 1, 0, 1, '2018-12-16 20:00:00', '2018-12-16 20:00:00'),
(104, 141, 1, 1, 1, 1, 1, 1, 1, 0, 1, 1, '2018-12-16 20:00:00', '2018-12-16 20:00:00'),
(105, 142, 1, 1, 1, 1, 1, 1, 1, 1, 1, 1, '2018-12-16 20:00:00', '2018-12-16 20:00:00'),
(106, 143, 0, 1, 1, 1, 1, 1, 1, 1, 0, 1, '2018-12-16 20:00:00', '2018-12-16 20:00:00'),
(107, 144, 1, 1, 1, 1, 1, 1, 1, 1, 1, 1, '2018-12-16 20:00:00', '2018-12-16 20:00:00'),
(108, 145, 1, 1, 1, 0, 1, 1, 1, 1, 1, 1, '2018-12-16 20:00:00', '2018-12-16 20:00:00'),
(109, 146, 1, 1, 1, 1, 1, 1, 1, 1, 1, 1, '2018-12-16 20:00:00', '2018-12-16 20:00:00'),
(110, 147, 1, 1, 1, 1, 1, 1, 1, 1, 1, 1, '2018-12-16 20:00:00', '2018-12-16 20:00:00'),
(111, 148, 1, 1, 1, 1, 1, 1, 0, 1, 1, 1, '2018-12-16 20:00:00', '2018-12-16 20:00:00'),
(112, 149, 1, 1, 1, 1, 1, 1, 1, 1, 1, 1, '2018-12-16 20:00:00', '2018-12-16 20:00:00'),
(113, 150, 1, 1, 1, 1, 1, 1, 1, 1, 0, 1, '2018-12-16 20:00:00', '2018-12-16 20:00:00'),
(114, 151, 1, 1, 1, 1, 1, 1, 1, 1, 1, 1, '2018-12-16 20:00:00', '2018-12-16 20:00:00'),
(115, 152, 1, 1, 1, 1, 1, 1, 1, 1, 1, 1, '2018-12-16 20:00:00', '2018-12-16 20:00:00'),
(116, 153, 1, 1, 1, 1, 1, 1, 0, 1, 0, 1, '2018-12-16 20:00:00', '2018-12-16 20:00:00'),
(117, 154, 1, 0, 1, 1, 1, 1, 1, 1, 0, 1, '2018-12-16 20:00:00', '2018-12-16 20:00:00'),
(118, 155, 1, 1, 1, 1, 1, 1, 1, 1, 1, 1, '2018-12-16 20:00:00', '2018-12-16 20:00:00'),
(119, 156, 1, 1, 1, 1, 1, 1, 1, 1, 1, 1, '2018-12-16 20:00:00', '2018-12-16 20:00:00'),
(120, 157, 1, 1, 1, 1, 1, 1, 1, 1, 0, 1, '2018-12-16 20:00:00', '2018-12-16 20:00:00'),
(121, 158, 1, 1, 1, 1, 1, 1, 1, 1, 1, 1, '2018-12-16 20:00:00', '2018-12-16 20:00:00'),
(122, 159, 1, 1, 1, 1, 1, 1, 1, 1, 0, 1, '2018-12-16 20:00:00', '2018-12-16 20:00:00'),
(123, 160, 1, 1, 1, 1, 1, 1, 1, 1, 1, 1, '2018-12-16 20:00:00', '2018-12-16 20:00:00'),
(124, 161, 1, 1, 1, 1, 1, 0, 1, 1, 1, 1, '2018-12-16 20:00:00', '2018-12-16 20:00:00'),
(125, 162, 1, 1, 1, 1, 1, 1, 1, 1, 0, 1, '2018-12-16 20:00:00', '2018-12-16 20:00:00'),
(126, 163, 1, 0, 1, 1, 1, 1, 1, 1, 1, 1, '2018-12-16 20:00:00', '2018-12-16 20:00:00'),
(127, 164, 1, 1, 1, 1, 1, 1, 1, 1, 0, 1, '2018-12-16 20:00:00', '2018-12-16 20:00:00'),
(128, 165, 1, 1, 1, 1, 1, 1, 1, 1, 1, 1, '2018-12-16 20:00:00', '2018-12-16 20:00:00'),
(129, 166, 1, 1, 1, 1, 1, 1, 1, 1, 0, 1, '2018-12-16 20:00:00', '2018-12-16 20:00:00'),
(130, 167, 1, 1, 1, 1, 1, 1, 1, 1, 1, 1, '2018-12-16 20:00:00', '2018-12-16 20:00:00'),
(131, 168, 1, 1, 1, 1, 1, 1, 1, 1, 0, 1, '2018-12-16 20:00:00', '2018-12-16 20:00:00'),
(132, 169, 1, 1, 1, 1, 1, 1, 1, 1, 1, 1, '2018-12-16 20:00:00', '2018-12-16 20:00:00'),
(133, 170, 1, 1, 1, 1, 1, 1, 1, 1, 1, 1, '2018-12-16 20:00:00', '2018-12-16 20:00:00'),
(134, 171, 1, 1, 1, 1, 1, 1, 1, 1, 1, 1, '2018-12-16 20:00:00', '2018-12-16 20:00:00'),
(135, 172, 1, 1, 1, 1, 1, 1, 1, 1, 1, 1, '2018-12-16 20:00:00', '2018-12-16 20:00:00'),
(136, 173, 1, 1, 1, 1, 1, 1, 1, 1, 1, 1, '2018-12-16 20:00:00', '2018-12-16 20:00:00'),
(137, 174, 1, 1, 1, 1, 1, 1, 1, 1, 1, 1, '2018-12-16 20:00:00', '2018-12-16 20:00:00'),
(138, 175, 1, 1, 1, 1, 1, 1, 1, 1, 1, 1, '2018-12-16 20:00:00', '2018-12-16 20:00:00'),
(139, 176, 1, 1, 1, 1, 1, 1, 1, 1, 1, 1, '2018-12-16 20:00:00', '2018-12-16 20:00:00'),
(140, 177, 1, 1, 1, 1, 1, 1, 1, 1, 1, 1, '2018-12-16 20:00:00', '2018-12-16 20:00:00'),
(141, 178, 1, 1, 1, 1, 1, 1, 1, 1, 1, 1, '2018-12-16 20:00:00', '2018-12-16 20:00:00'),
(142, 179, 1, 1, 1, 1, 1, 1, 1, 1, 1, 1, '2018-12-16 20:00:00', '2018-12-16 20:00:00'),
(143, 180, 1, 1, 1, 1, 1, 1, 1, 1, 1, 1, '2018-12-16 20:00:00', '2018-12-16 20:00:00'),
(144, 181, 1, 1, 1, 1, 1, 1, 1, 1, 1, 1, '2018-12-16 20:00:00', '2018-12-16 20:00:00'),
(145, 182, 1, 1, 1, 1, 1, 1, 1, 1, 1, 1, '2018-12-16 20:00:00', '2018-12-16 20:00:00'),
(146, 183, 1, 1, 1, 1, 1, 1, 1, 1, 1, 1, '2018-12-16 20:00:00', '2018-12-16 20:00:00'),
(147, 184, 1, 1, 1, 1, 1, 1, 1, 1, 1, 1, '2018-12-16 20:00:00', '2018-12-16 20:00:00'),
(148, 185, 1, 1, 1, 1, 1, 1, 1, 1, 1, 1, '2018-12-16 20:00:00', '2018-12-16 20:00:00'),
(149, 186, 1, 1, 1, 1, 1, 1, 1, 1, 1, 1, '2018-12-16 20:00:00', '2018-12-16 20:00:00'),
(150, 187, 1, 1, 1, 1, 1, 1, 1, 1, 1, 1, '2018-12-16 20:00:00', '2018-12-16 20:00:00'),
(151, 188, 1, 1, 1, 1, 1, 1, 1, 1, 1, 1, '2018-12-16 20:00:00', '2018-12-16 20:00:00'),
(152, 189, 1, 1, 1, 1, 1, 1, 1, 1, 1, 1, '2018-12-16 20:00:00', '2018-12-16 20:00:00'),
(153, 190, 1, 1, 1, 1, 1, 1, 1, 1, 1, 1, '2018-12-16 20:00:00', '2018-12-16 20:00:00'),
(154, 191, 1, 1, 1, 1, 1, 1, 1, 1, 1, 1, '2018-12-16 20:00:00', '2018-12-16 20:00:00'),
(155, 192, 1, 1, 1, 1, 1, 1, 1, 1, 1, 1, '2018-12-16 20:00:00', '2018-12-16 20:00:00'),
(156, 193, 1, 1, 1, 1, 1, 1, 1, 1, 0, 1, '2018-12-16 20:00:00', '2018-12-16 20:00:00'),
(157, 194, 1, 1, 1, 1, 1, 1, 1, 1, 1, 1, '2018-12-16 20:00:00', '2018-12-16 20:00:00'),
(158, 195, 1, 1, 1, 1, 1, 1, 1, 1, 0, 1, '2018-12-16 20:00:00', '2018-12-16 20:00:00'),
(159, 196, 0, 1, 1, 0, 1, 1, 1, 1, 1, 1, '2018-12-16 20:00:00', '2018-12-16 20:00:00'),
(160, 197, 1, 1, 1, 1, 1, 1, 1, 1, 0, 1, '2018-12-16 20:00:00', '2018-12-16 20:00:00'),
(161, 198, 1, 0, 1, 1, 1, 1, 1, 1, 1, 1, '2018-12-16 20:00:00', '2018-12-16 20:00:00'),
(162, 199, 1, 1, 1, 1, 1, 1, 1, 1, 0, 1, '2018-12-16 20:00:00', '2018-12-16 20:00:00'),
(163, 200, 1, 1, 1, 1, 1, 1, 1, 1, 0, 1, '2018-12-16 20:00:00', '2018-12-16 20:00:00'),
(164, 201, 1, 1, 1, 1, 0, 1, 1, 1, 1, 1, '2018-12-16 20:00:00', '2018-12-16 20:00:00'),
(165, 202, 1, 1, 1, 1, 1, 1, 1, 1, 1, 1, '2018-12-16 20:00:00', '2018-12-16 20:00:00'),
(166, 203, 1, 1, 1, 1, 1, 1, 1, 1, 1, 1, '2018-12-16 20:00:00', '2018-12-16 20:00:00'),
(167, 204, 1, 1, 1, 1, 1, 1, 1, 1, 1, 1, '2018-12-16 20:00:00', '2018-12-16 20:00:00'),
(168, 205, 1, 1, 1, 1, 1, 1, 1, 1, 1, 1, '2018-12-16 20:00:00', '2018-12-16 20:00:00'),
(169, 206, 1, 1, 1, 1, 0, 1, 1, 1, 1, 1, '2018-12-16 20:00:00', '2018-12-16 20:00:00'),
(170, 207, 0, 1, 1, 1, 1, 1, 1, 1, 1, 1, '2018-12-16 20:00:00', '2018-12-16 20:00:00'),
(171, 208, 1, 1, 1, 1, 1, 1, 1, 1, 1, 1, '2018-12-16 20:00:00', '2018-12-16 20:00:00'),
(172, 209, 1, 1, 1, 1, 1, 1, 1, 1, 1, 1, '2018-12-16 20:00:00', '2018-12-16 20:00:00'),
(173, 210, 1, 1, 1, 1, 1, 1, 1, 1, 0, 1, '2018-12-16 20:00:00', '2018-12-16 20:00:00'),
(174, 211, 1, 1, 1, 1, 1, 0, 1, 1, 1, 1, '2018-12-16 20:00:00', '2018-12-16 20:00:00'),
(175, 212, 1, 1, 1, 1, 1, 1, 1, 1, 1, 1, '2018-12-16 20:00:00', '2018-12-16 20:00:00'),
(176, 213, 1, 0, 1, 1, 1, 1, 1, 1, 0, 1, '2018-12-16 20:00:00', '2018-12-16 20:00:00'),
(177, 214, 1, 1, 1, 1, 1, 1, 1, 1, 1, 1, '2018-12-16 20:00:00', '2018-12-16 20:00:00'),
(178, 215, 1, 1, 1, 1, 1, 1, 1, 1, 1, 1, '2018-12-16 20:00:00', '2018-12-16 20:00:00'),
(179, 216, 1, 1, 1, 0, 1, 1, 1, 1, 1, 1, '2018-12-16 20:00:00', '2018-12-16 20:00:00'),
(180, 217, 1, 1, 1, 1, 1, 1, 1, 1, 0, 1, '2018-12-16 20:00:00', '2018-12-16 20:00:00'),
(181, 218, 1, 1, 1, 1, 1, 1, 1, 1, 1, 1, '2018-12-16 20:00:00', '2018-12-16 20:00:00'),
(182, 219, 1, 1, 1, 1, 0, 0, 1, 1, 1, 1, '2018-12-16 20:00:00', '2018-12-16 20:00:00'),
(183, 220, 1, 1, 1, 1, 1, 1, 1, 1, 0, 1, '2018-12-16 20:00:00', '2018-12-16 20:00:00'),
(184, 221, 0, 1, 1, 1, 1, 1, 1, 1, 1, 1, '2018-12-16 20:00:00', '2018-12-16 20:00:00'),
(185, 222, 1, 1, 1, 1, 1, 1, 1, 1, 0, 1, '2018-12-16 20:00:00', '2018-12-16 20:00:00'),
(186, 223, 1, 1, 1, 1, 1, 1, 1, 1, 1, 1, '2018-12-16 20:00:00', '2018-12-16 20:00:00'),
(187, 224, 1, 1, 1, 1, 1, 1, 1, 1, 1, 1, '2018-12-16 20:00:00', '2018-12-16 20:00:00'),
(188, 225, 1, 1, 1, 1, 1, 0, 1, 1, 1, 1, '2018-12-16 20:00:00', '2018-12-16 20:00:00'),
(189, 226, 1, 1, 1, 1, 1, 1, 1, 1, 1, 1, '2018-12-16 20:00:00', '2018-12-16 20:00:00'),
(190, 227, 1, 0, 1, 0, 1, 1, 1, 1, 1, 1, '2018-12-16 20:00:00', '2018-12-16 20:00:00'),
(191, 228, 1, 1, 1, 1, 1, 1, 1, 1, 1, 1, '2018-12-16 20:00:00', '2018-12-16 20:00:00'),
(192, 229, 1, 1, 1, 1, 1, 1, 0, 0, 1, 1, '2018-12-16 20:00:00', '2018-12-16 20:00:00'),
(193, 230, 1, 1, 1, 1, 1, 1, 1, 1, 1, 1, '2018-12-16 20:00:00', '2018-12-16 20:00:00'),
(194, 231, 1, 1, 1, 1, 0, 1, 1, 1, 1, 1, '2018-12-16 20:00:00', '2018-12-16 20:00:00'),
(195, 232, 1, 1, 1, 1, 1, 1, 1, 1, 1, 1, '2018-12-16 20:00:00', '2018-12-16 20:00:00'),
(196, 233, 1, 1, 0, 0, 1, 1, 1, 1, 1, 1, '2018-12-16 20:00:00', '2018-12-16 20:00:00'),
(197, 234, 1, 1, 1, 1, 0, 1, 1, 1, 1, 1, '2018-12-16 20:00:00', '2018-12-16 20:00:00'),
(198, 235, 0, 0, 1, 0, 1, 1, 1, 1, 1, 1, '2018-12-16 20:00:00', '2018-12-16 20:00:00'),
(199, 236, 1, 1, 1, 1, 1, 1, 1, 1, 1, 1, '2018-12-16 20:00:00', '2018-12-16 20:00:00'),
(200, 237, 1, 1, 1, 1, 1, 1, 1, 1, 1, 1, '2018-12-16 20:00:00', '2018-12-16 20:00:00'),
(201, 238, 1, 1, 1, 1, 1, 1, 1, 1, 1, 1, '2018-12-16 20:00:00', '2018-12-16 20:00:00'),
(202, 239, 1, 1, 1, 1, 1, 1, 1, 1, 1, 1, '2018-12-16 20:00:00', '2018-12-16 20:00:00'),
(203, 240, 1, 1, 1, 1, 1, 1, 1, 1, 1, 1, '2018-12-16 20:00:00', '2018-12-16 20:00:00'),
(204, 241, 1, 1, 1, 1, 1, 1, 1, 1, 1, 1, '2018-12-16 20:00:00', '2018-12-16 20:00:00'),
(205, 242, 1, 1, 1, 1, 1, 1, 1, 1, 1, 1, '2018-12-16 20:00:00', '2018-12-16 20:00:00'),
(206, 243, 1, 1, 1, 1, 0, 1, 1, 1, 1, 1, '2018-12-16 20:00:00', '2018-12-16 20:00:00'),
(207, 244, 1, 1, 1, 1, 1, 1, 1, 1, 1, 1, '2018-12-16 20:00:00', '2018-12-16 20:00:00'),
(208, 245, 0, 1, 1, 1, 1, 1, 1, 1, 1, 1, '2018-12-16 20:00:00', '2018-12-16 20:00:00'),
(209, 246, 1, 1, 1, 1, 1, 1, 0, 1, 1, 1, '2018-12-16 20:00:00', '2018-12-16 20:00:00'),
(210, 247, 1, 1, 1, 1, 1, 1, 1, 1, 1, 1, '2018-12-16 20:00:00', '2018-12-16 20:00:00'),
(211, 248, 1, 1, 1, 0, 1, 1, 1, 1, 1, 1, '2018-12-16 20:00:00', '2018-12-16 20:00:00'),
(212, 249, 1, 1, 1, 1, 0, 1, 0, 1, 1, 1, '2018-12-16 20:00:00', '2018-12-16 20:00:00'),
(213, 250, 0, 1, 1, 1, 1, 0, 1, 1, 1, 1, '2018-12-16 20:00:00', '2018-12-16 20:00:00'),
(214, 251, 1, 1, 1, 0, 1, 1, 1, 1, 1, 1, '2018-12-16 20:00:00', '2018-12-16 20:00:00'),
(215, 252, 1, 1, 1, 1, 1, 0, 1, 1, 1, 1, '2018-12-16 20:00:00', '2018-12-16 20:00:00'),
(216, 253, 1, 1, 1, 1, 1, 1, 1, 1, 1, 1, '2018-12-16 20:00:00', '2018-12-16 20:00:00'),
(217, 254, 1, 1, 1, 1, 1, 1, 1, 1, 1, 1, '2018-12-16 20:00:00', '2018-12-16 20:00:00'),
(218, 255, 1, 0, 1, 0, 1, 1, 1, 1, 1, 1, '2018-12-16 20:00:00', '2018-12-16 20:00:00'),
(219, 256, 1, 1, 1, 1, 1, 1, 1, 1, 1, 1, '2018-12-16 20:00:00', '2018-12-16 20:00:00'),
(220, 257, 1, 1, 1, 1, 1, 1, 1, 1, 1, 1, '2018-12-16 20:00:00', '2018-12-16 20:00:00'),
(221, 258, 1, 0, 0, 1, 1, 0, 1, 1, 1, 1, '2018-12-16 20:00:00', '2018-12-16 20:00:00'),
(222, 259, 1, 1, 0, 0, 0, 1, 1, 1, 1, 1, '2018-12-16 20:00:00', '2018-12-16 20:00:00'),
(223, 260, 1, 0, 1, 0, 1, 0, 1, 1, 1, 1, '2018-12-16 20:00:00', '2018-12-16 20:00:00'),
(224, 261, 1, 1, 1, 1, 1, 1, 1, 1, 1, 1, '2018-12-16 20:00:00', '2018-12-16 20:00:00'),
(225, 262, 1, 1, 1, 1, 1, 1, 1, 1, 1, 1, '2018-12-16 20:00:00', '2018-12-16 20:00:00'),
(226, 263, 0, 1, 1, 1, 1, 1, 1, 1, 1, 1, '2018-12-16 20:00:00', '2018-12-16 20:00:00'),
(227, 264, 1, 0, 1, 1, 1, 1, 1, 1, 1, 1, '2018-12-16 20:00:00', '2018-12-16 20:00:00'),
(228, 265, 1, 1, 1, 1, 1, 0, 1, 1, 1, 1, '2018-12-16 20:00:00', '2018-12-16 20:00:00'),
(229, 266, 0, 1, 0, 1, 1, 1, 1, 1, 1, 1, '2018-12-16 20:00:00', '2018-12-16 20:00:00'),
(230, 267, 1, 1, 1, 1, 1, 1, 1, 1, 1, 1, '2018-12-16 20:00:00', '2018-12-16 20:00:00'),
(231, 268, 0, 1, 1, 0, 1, 1, 1, 1, 1, 1, '2018-12-16 20:00:00', '2018-12-16 20:00:00'),
(232, 269, 1, 1, 1, 1, 1, 1, 1, 1, 1, 1, '2018-12-16 20:00:00', '2018-12-16 20:00:00'),
(233, 270, 0, 1, 0, 1, 1, 1, 1, 1, 1, 1, '2018-12-16 20:00:00', '2018-12-16 20:00:00'),
(234, 271, 1, 1, 1, 1, 1, 1, 1, 1, 1, 1, '2018-12-16 20:00:00', '2018-12-16 20:00:00'),
(235, 272, 1, 1, 1, 1, 1, 1, 1, 1, 1, 1, '2018-12-16 20:00:00', '2018-12-16 20:00:00'),
(236, 273, 1, 1, 1, 1, 0, 1, 1, 1, 1, 1, '2018-12-16 20:00:00', '2018-12-16 20:00:00'),
(237, 274, 1, 1, 1, 1, 1, 1, 1, 1, 1, 1, '2018-12-16 20:00:00', '2018-12-16 20:00:00'),
(238, 275, 1, 1, 1, 0, 1, 1, 1, 1, 1, 1, '2018-12-16 20:00:00', '2018-12-16 20:00:00'),
(239, 276, 0, 1, 1, 1, 1, 1, 1, 1, 1, 1, '2018-12-16 20:00:00', '2018-12-16 20:00:00'),
(240, 277, 1, 1, 1, 1, 0, 1, 1, 1, 1, 1, '2018-12-16 20:00:00', '2018-12-16 20:00:00'),
(241, 278, 1, 1, 1, 1, 1, 1, 1, 1, 1, 1, '2018-12-16 20:00:00', '2018-12-16 20:00:00'),
(242, 279, 1, 1, 1, 0, 1, 1, 1, 1, 0, 1, '2018-12-16 20:00:00', '2018-12-16 20:00:00'),
(243, 280, 1, 1, 1, 0, 0, 1, 0, 1, 0, 1, '2018-12-16 20:00:00', '2018-12-16 20:00:00'),
(244, 281, 1, 1, 1, 0, 1, 0, 0, 1, 1, 0, '2018-12-16 20:00:00', '2018-12-16 20:00:00'),
(245, 282, 1, 1, 1, 0, 0, 1, 1, 1, 0, 0, '2018-12-16 20:00:00', '2018-12-16 20:00:00'),
(246, 283, 1, 1, 1, 1, 1, 1, 0, 0, 1, 0, '2018-12-16 20:00:00', '2018-12-16 20:00:00'),
(247, 284, 0, 1, 1, 1, 0, 1, 1, 0, 0, 0, '2018-12-16 20:00:00', '2018-12-16 20:00:00'),
(248, 285, 1, 1, 1, 1, 0, 1, 1, 0, 1, 0, '2018-12-16 20:00:00', '2018-12-16 20:00:00'),
(249, 286, 1, 1, 1, 1, 1, 0, 1, 1, 1, 0, '2018-12-16 20:00:00', '2018-12-16 20:00:00'),
(250, 287, 1, 1, 1, 1, 0, 1, 1, 1, 1, 1, '2018-12-16 20:00:00', '2018-12-16 20:00:00'),
(251, 288, 1, 1, 1, 0, 1, 1, 1, 1, 1, 0, '2018-12-16 20:00:00', '2018-12-16 20:00:00'),
(252, 289, 1, 1, 1, 1, 1, 0, 1, 1, 1, 0, '2018-12-16 20:00:00', '2018-12-16 20:00:00'),
(253, 290, 1, 1, 1, 1, 1, 1, 1, 1, 1, 1, '2018-12-16 20:00:00', '2018-12-16 20:00:00'),
(254, 291, 0, 1, 1, 1, 1, 1, 1, 1, 0, 0, '2018-12-16 20:00:00', '2018-12-16 20:00:00'),
(255, 292, 1, 1, 1, 1, 1, 1, 0, 1, 1, 1, '2018-12-16 20:00:00', '2018-12-16 20:00:00'),
(256, 293, 1, 1, 1, 0, 1, 0, 1, 0, 1, 1, '2018-12-16 20:00:00', '2018-12-16 20:00:00'),
(257, 294, 1, 1, 1, 1, 0, 0, 1, 1, 1, 1, '2018-12-16 20:00:00', '2018-12-16 20:00:00'),
(258, 295, 1, 1, 1, 1, 1, 1, 0, 1, 0, 1, '2018-12-16 20:00:00', '2018-12-16 20:00:00'),
(259, 296, 1, 1, 1, 1, 1, 0, 1, 1, 1, 1, '2018-12-16 20:00:00', '2018-12-16 20:00:00'),
(260, 297, 1, 1, 1, 1, 1, 1, 1, 0, 0, 1, '2018-12-16 20:00:00', '2018-12-16 20:00:00'),
(261, 298, 1, 0, 1, 1, 1, 1, 1, 0, 1, 1, '2018-12-16 20:00:00', '2018-12-16 20:00:00'),
(262, 299, 0, 1, 1, 1, 1, 1, 0, 0, 0, 1, '2018-12-16 20:00:00', '2018-12-16 20:00:00'),
(263, 300, 1, 1, 1, 1, 1, 1, 1, 1, 0, 0, '2018-12-16 20:00:00', '2018-12-16 20:00:00'),
(264, 301, 1, 1, 1, 1, 1, 1, 1, 1, 1, 1, '2018-12-16 20:00:00', '2018-12-16 20:00:00'),
(265, 302, 0, 1, 1, 1, 1, 0, 1, 0, 0, 1, '2018-12-16 20:00:00', '2018-12-16 20:00:00'),
(266, 303, 1, 0, 1, 1, 1, 1, 1, 1, 0, 1, '2018-12-16 20:00:00', '2018-12-16 20:00:00'),
(267, 304, 1, 1, 1, 1, 1, 1, 0, 1, 1, 1, '2018-12-16 20:00:00', '2018-12-16 20:00:00'),
(268, 305, 1, 1, 1, 1, 0, 0, 1, 1, 1, 1, '2018-12-16 20:00:00', '2018-12-16 20:00:00'),
(269, 306, 1, 1, 1, 0, 1, 1, 1, 1, 0, 1, '2018-12-16 20:00:00', '2018-12-16 20:00:00'),
(270, 307, 1, 1, 1, 1, 1, 1, 1, 1, 0, 1, '2018-12-16 20:00:00', '2018-12-16 20:00:00'),
(271, 308, 1, 1, 1, 1, 1, 1, 1, 1, 1, 1, '2018-12-16 20:00:00', '2018-12-16 20:00:00'),
(272, 309, 1, 1, 1, 1, 1, 0, 1, 1, 0, 1, '2018-12-16 20:00:00', '2018-12-16 20:00:00'),
(273, 310, 1, 1, 1, 1, 1, 1, 1, 1, 1, 1, '2018-12-16 20:00:00', '2018-12-16 20:00:00'),
(274, 311, 1, 1, 1, 1, 1, 1, 1, 1, 1, 1, '2018-12-16 20:00:00', '2018-12-16 20:00:00'),
(275, 312, 1, 1, 1, 1, 1, 1, 1, 1, 1, 1, '2018-12-16 20:00:00', '2018-12-16 20:00:00'),
(276, 313, 1, 1, 1, 1, 1, 1, 1, 1, 1, 1, '2018-12-16 20:00:00', '2018-12-16 20:00:00'),
(277, 314, 1, 1, 1, 1, 1, 1, 1, 1, 1, 1, '2018-12-16 20:00:00', '2018-12-16 20:00:00'),
(278, 315, 1, 1, 1, 1, 1, 1, 1, 1, 1, 1, '2018-12-16 20:00:00', '2018-12-16 20:00:00'),
(279, 316, 1, 1, 1, 1, 1, 1, 1, 1, 1, 1, '2018-12-16 20:00:00', '2018-12-16 20:00:00'),
(280, 317, 1, 1, 1, 1, 1, 1, 1, 1, 1, 1, '2018-12-16 20:00:00', '2018-12-16 20:00:00'),
(281, 318, 1, 1, 1, 1, 1, 1, 1, 1, 1, 1, '2018-12-16 20:00:00', '2018-12-16 20:00:00'),
(282, 319, 1, 1, 1, 1, 1, 1, 1, 1, 1, 1, '2018-12-16 20:00:00', '2018-12-16 20:00:00'),
(283, 320, 1, 1, 1, 1, 1, 1, 1, 1, 1, 1, '2018-12-16 20:00:00', '2018-12-16 20:00:00'),
(284, 321, 1, 1, 1, 1, 1, 1, 1, 1, 1, 1, '2018-12-16 20:00:00', '2018-12-16 20:00:00'),
(285, 322, 1, 1, 1, 1, 1, 1, 1, 1, 1, 1, '2018-12-16 20:00:00', '2018-12-16 20:00:00'),
(286, 323, 1, 1, 1, 1, 1, 1, 1, 1, 1, 1, '2018-12-16 20:00:00', '2018-12-16 20:00:00'),
(287, 324, 1, 1, 1, 1, 1, 1, 1, 1, 1, 1, '2018-12-16 20:00:00', '2018-12-16 20:00:00'),
(288, 325, 1, 1, 1, 1, 1, 1, 1, 1, 1, 1, '2018-12-16 20:00:00', '2018-12-16 20:00:00'),
(289, 326, 1, 1, 1, 1, 1, 1, 1, 1, 1, 1, '2018-12-16 20:00:00', '2018-12-16 20:00:00'),
(290, 327, 1, 1, 1, 1, 1, 1, 1, 1, 1, 1, '2018-12-16 20:00:00', '2018-12-16 20:00:00'),
(291, 328, 1, 1, 1, 1, 1, 1, 1, 1, 1, 1, '2018-12-16 20:00:00', '2018-12-16 20:00:00'),
(292, 329, 1, 1, 1, 1, 1, 1, 1, 1, 1, 1, '2018-12-16 20:00:00', '2018-12-16 20:00:00'),
(293, 330, 1, 1, 1, 1, 1, 1, 1, 1, 1, 1, '2018-12-16 20:00:00', '2018-12-16 20:00:00'),
(294, 331, 1, 1, 1, 1, 1, 1, 1, 1, 1, 1, '2018-12-16 20:00:00', '2018-12-16 20:00:00'),
(295, 332, 1, 1, 1, 1, 1, 1, 1, 1, 1, 1, '2018-12-16 20:00:00', '2018-12-16 20:00:00'),
(296, 333, 1, 1, 1, 1, 1, 1, 1, 1, 1, 1, '2018-12-16 20:00:00', '2018-12-16 20:00:00'),
(297, 334, 1, 1, 1, 1, 1, 1, 1, 1, 1, 1, '2018-12-16 20:00:00', '2018-12-16 20:00:00'),
(298, 335, 1, 1, 1, 1, 1, 1, 1, 1, 1, 1, '2018-12-16 20:00:00', '2018-12-16 20:00:00'),
(299, 336, 1, 1, 1, 1, 1, 1, 1, 1, 1, 1, '2018-12-16 20:00:00', '2018-12-16 20:00:00'),
(300, 337, 1, 1, 1, 1, 1, 1, 1, 1, 1, 1, '2018-12-16 20:00:00', '2018-12-16 20:00:00'),
(301, 338, 1, 1, 1, 1, 1, 1, 1, 1, 1, 1, '2018-12-16 20:00:00', '2018-12-16 20:00:00'),
(302, 339, 1, 1, 1, 1, 1, 1, 1, 1, 1, 1, '2018-12-16 20:00:00', '2018-12-16 20:00:00'),
(303, 340, 1, 1, 1, 1, 1, 1, 1, 1, 1, 1, '2018-12-16 20:00:00', '2018-12-16 20:00:00'),
(304, 341, 1, 1, 1, 1, 1, 1, 1, 1, 1, 1, '2018-12-16 20:00:00', '2018-12-16 20:00:00'),
(305, 342, 1, 1, 1, 1, 1, 1, 1, 1, 1, 1, '2018-12-16 20:00:00', '2018-12-16 20:00:00'),
(306, 343, 1, 1, 1, 1, 1, 1, 1, 1, 1, 1, '2018-12-16 20:00:00', '2018-12-16 20:00:00'),
(307, 344, 1, 1, 1, 1, 1, 1, 1, 1, 1, 1, '2018-12-16 20:00:00', '2018-12-16 20:00:00'),
(308, 345, 1, 1, 1, 1, 1, 1, 1, 1, 1, 1, '2018-12-16 20:00:00', '2018-12-16 20:00:00'),
(309, 346, 1, 1, 1, 1, 1, 1, 1, 1, 1, 1, '2018-12-16 20:00:00', '2018-12-16 20:00:00'),
(310, 347, 1, 1, 1, 1, 1, 1, 1, 1, 1, 1, '2018-12-16 20:00:00', '2018-12-16 20:00:00'),
(311, 348, 1, 1, 1, 1, 1, 1, 1, 1, 1, 1, '2018-12-16 20:00:00', '2018-12-16 20:00:00'),
(312, 349, 1, 1, 1, 1, 1, 1, 1, 1, 1, 1, '2018-12-16 20:00:00', '2018-12-16 20:00:00'),
(313, 350, 1, 1, 1, 1, 1, 1, 1, 1, 1, 1, '2018-12-16 20:00:00', '2018-12-16 20:00:00'),
(314, 351, 1, 1, 1, 1, 1, 1, 1, 1, 1, 1, '2018-12-16 20:00:00', '2018-12-16 20:00:00'),
(315, 352, 1, 1, 1, 1, 1, 1, 1, 1, 1, 1, '2018-12-16 20:00:00', '2018-12-16 20:00:00'),
(316, 353, 1, 1, 1, 1, 1, 1, 1, 1, 1, 1, '2018-12-16 20:00:00', '2018-12-16 20:00:00'),
(317, 354, 1, 1, 1, 1, 1, 1, 1, 1, 1, 1, '2018-12-16 20:00:00', '2018-12-16 20:00:00'),
(318, 355, 1, 1, 1, 1, 1, 1, 1, 1, 1, 1, '2018-12-16 20:00:00', '2018-12-16 20:00:00'),
(319, 356, 1, 1, 1, 1, 1, 1, 1, 1, 1, 1, '2018-12-16 20:00:00', '2018-12-16 20:00:00'),
(320, 357, 1, 1, 1, 1, 1, 1, 1, 1, 1, 1, '2018-12-16 20:00:00', '2018-12-16 20:00:00'),
(321, 358, 1, 1, 1, 1, 1, 1, 1, 1, 1, 1, '2018-12-16 20:00:00', '2018-12-16 20:00:00'),
(322, 359, 1, 1, 1, 1, 1, 1, 1, 1, 1, 1, '2018-12-16 20:00:00', '2018-12-16 20:00:00'),
(323, 360, 1, 1, 1, 1, 1, 1, 1, 1, 1, 1, '2018-12-16 20:00:00', '2018-12-16 20:00:00'),
(324, 361, 1, 1, 1, 1, 1, 1, 1, 1, 1, 1, '2018-12-16 20:00:00', '2018-12-16 20:00:00'),
(325, 362, 1, 1, 1, 1, 1, 1, 1, 1, 1, 1, '2018-12-16 20:00:00', '2018-12-16 20:00:00'),
(326, 363, 1, 1, 1, 1, 1, 1, 1, 1, 1, 1, '2018-12-16 20:00:00', '2018-12-16 20:00:00'),
(327, 364, 1, 1, 1, 1, 1, 1, 1, 1, 1, 1, '2018-12-16 20:00:00', '2018-12-16 20:00:00'),
(328, 365, 1, 1, 1, 1, 1, 1, 1, 1, 1, 1, '2018-12-16 20:00:00', '2018-12-16 20:00:00'),
(329, 366, 1, 1, 1, 1, 1, 1, 1, 1, 1, 1, '2018-12-16 20:00:00', '2018-12-16 20:00:00'),
(330, 367, 1, 1, 1, 1, 1, 1, 1, 1, 1, 1, '2018-12-16 20:00:00', '2018-12-16 20:00:00'),
(331, 368, 1, 1, 1, 1, 1, 1, 1, 1, 1, 1, '2018-12-16 20:00:00', '2018-12-16 20:00:00'),
(332, 369, 1, 1, 1, 1, 1, 1, 1, 1, 1, 1, '2018-12-16 20:00:00', '2018-12-16 20:00:00'),
(333, 370, 1, 1, 1, 1, 1, 1, 1, 1, 1, 1, '2018-12-16 20:00:00', '2018-12-16 20:00:00'),
(334, 371, 1, 1, 1, 1, 1, 1, 1, 1, 1, 1, '2018-12-16 20:00:00', '2018-12-16 20:00:00'),
(335, 372, 1, 1, 1, 1, 1, 1, 1, 1, 1, 1, '2018-12-16 20:00:00', '2018-12-16 20:00:00'),
(336, 373, 1, 1, 1, 1, 1, 1, 1, 1, 1, 1, '2018-12-16 20:00:00', '2018-12-16 20:00:00'),
(337, 374, 1, 1, 1, 1, 1, 1, 1, 1, 1, 1, '2018-12-16 20:00:00', '2018-12-16 20:00:00'),
(338, 375, 1, 1, 1, 1, 1, 1, 1, 1, 1, 1, '2018-12-16 20:00:00', '2018-12-16 20:00:00'),
(339, 376, 1, 1, 1, 1, 1, 1, 1, 1, 1, 1, '2018-12-16 20:00:00', '2018-12-16 20:00:00'),
(340, 377, 1, 1, 1, 1, 1, 1, 1, 1, 1, 1, '2018-12-16 20:00:00', '2018-12-16 20:00:00'),
(341, 378, 1, 1, 1, 1, 1, 1, 1, 1, 1, 1, '2018-12-16 20:00:00', '2018-12-16 20:00:00'),
(342, 379, 1, 1, 1, 1, 1, 1, 1, 1, 1, 1, '2018-12-16 20:00:00', '2018-12-16 20:00:00'),
(343, 380, 1, 1, 1, 1, 1, 1, 1, 1, 1, 1, '2018-12-16 20:00:00', '2018-12-16 20:00:00'),
(344, 381, 1, 1, 1, 1, 1, 1, 1, 1, 1, 1, '2018-12-16 20:00:00', '2018-12-16 20:00:00'),
(345, 382, 1, 1, 1, 1, 1, 1, 1, 1, 1, 1, '2018-12-16 20:00:00', '2018-12-16 20:00:00'),
(346, 383, 1, 1, 1, 1, 1, 1, 1, 1, 1, 1, '2018-12-16 20:00:00', '2018-12-16 20:00:00'),
(347, 384, 1, 1, 1, 1, 1, 1, 1, 1, 1, 1, '2018-12-16 20:00:00', '2018-12-16 20:00:00'),
(348, 385, 1, 1, 1, 1, 1, 1, 1, 1, 1, 1, '2018-12-16 20:00:00', '2018-12-16 20:00:00'),
(349, 386, 1, 1, 1, 1, 1, 1, 1, 1, 1, 1, '2018-12-16 20:00:00', '2018-12-16 20:00:00'),
(350, 387, 1, 1, 1, 1, 1, 1, 1, 1, 1, 1, '2018-12-16 20:00:00', '2018-12-16 20:00:00'),
(351, 388, 1, 1, 1, 1, 1, 1, 1, 1, 1, 1, '2018-12-16 20:00:00', '2018-12-16 20:00:00'),
(352, 389, 1, 1, 1, 1, 1, 1, 1, 1, 1, 1, '2018-12-16 20:00:00', '2018-12-16 20:00:00'),
(353, 390, 1, 1, 1, 1, 1, 1, 1, 1, 1, 1, '2018-12-16 20:00:00', '2018-12-16 20:00:00'),
(354, 391, 1, 1, 1, 1, 1, 1, 1, 1, 1, 1, '2018-12-16 20:00:00', '2018-12-16 20:00:00'),
(355, 392, 1, 1, 1, 1, 1, 1, 1, 1, 1, 1, '2018-12-16 20:00:00', '2018-12-16 20:00:00'),
(356, 393, 1, 1, 1, 1, 1, 1, 1, 1, 1, 1, '2018-12-16 20:00:00', '2018-12-16 20:00:00'),
(357, 394, 1, 1, 1, 1, 1, 1, 1, 1, 1, 1, '2018-12-16 20:00:00', '2018-12-16 20:00:00'),
(358, 395, 1, 1, 1, 1, 1, 1, 1, 1, 1, 1, '2018-12-16 20:00:00', '2018-12-16 20:00:00'),
(359, 396, 1, 1, 1, 1, 1, 1, 1, 1, 1, 1, '2018-12-16 20:00:00', '2018-12-16 20:00:00'),
(360, 397, 1, 1, 1, 1, 1, 1, 1, 1, 1, 1, '2018-12-16 20:00:00', '2018-12-16 20:00:00'),
(361, 398, 1, 1, 1, 1, 1, 1, 1, 1, 1, 1, '2018-12-16 20:00:00', '2018-12-16 20:00:00'),
(362, 399, 1, 1, 1, 1, 1, 1, 1, 1, 1, 1, '2018-12-16 20:00:00', '2018-12-16 20:00:00'),
(363, 400, 1, 1, 1, 1, 1, 1, 1, 1, 1, 1, '2018-12-16 20:00:00', '2018-12-16 20:00:00'),
(364, 401, 1, 1, 1, 1, 1, 1, 1, 1, 1, 1, '2018-12-16 20:00:00', '2018-12-16 20:00:00'),
(365, 402, 1, 1, 1, 1, 1, 1, 1, 1, 1, 1, '2018-12-16 20:00:00', '2018-12-16 20:00:00'),
(366, 403, 1, 1, 1, 1, 1, 1, 1, 1, 1, 1, '2018-12-16 20:00:00', '2018-12-16 20:00:00'),
(367, 404, 1, 1, 1, 1, 1, 1, 1, 1, 1, 1, '2018-12-16 20:00:00', '2018-12-16 20:00:00'),
(368, 405, 1, 1, 1, 1, 1, 1, 1, 1, 1, 1, '2018-12-16 20:00:00', '2018-12-16 20:00:00'),
(369, 406, 1, 1, 1, 1, 1, 1, 1, 1, 1, 1, '2018-12-16 20:00:00', '2018-12-16 20:00:00'),
(370, 407, 1, 1, 1, 1, 1, 1, 1, 1, 1, 1, '2018-12-16 20:00:00', '2018-12-16 20:00:00'),
(371, 408, 1, 1, 1, 1, 1, 1, 1, 1, 1, 1, '2018-12-16 20:00:00', '2018-12-16 20:00:00'),
(372, 409, 1, 1, 1, 1, 1, 1, 1, 1, 1, 1, '2018-12-16 20:00:00', '2018-12-16 20:00:00'),
(373, 410, 1, 1, 1, 1, 1, 1, 1, 1, 1, 1, '2018-12-16 20:00:00', '2018-12-16 20:00:00'),
(374, 411, 1, 1, 1, 1, 1, 1, 1, 1, 1, 1, '2018-12-16 20:00:00', '2018-12-16 20:00:00'),
(375, 412, 1, 1, 1, 1, 1, 1, 1, 1, 1, 1, '2018-12-16 20:00:00', '2018-12-16 20:00:00'),
(376, 413, 1, 1, 1, 1, 1, 1, 1, 1, 1, 1, '2018-12-16 20:00:00', '2018-12-16 20:00:00'),
(377, 414, 1, 1, 1, 1, 1, 1, 1, 1, 1, 1, '2018-12-16 20:00:00', '2018-12-16 20:00:00'),
(378, 415, 1, 1, 1, 1, 1, 1, 1, 1, 1, 1, '2018-12-16 20:00:00', '2018-12-16 20:00:00'),
(379, 416, 1, 1, 1, 1, 1, 1, 1, 1, 1, 1, '2018-12-16 20:00:00', '2018-12-16 20:00:00'),
(380, 417, 1, 1, 1, 1, 1, 1, 1, 1, 1, 1, '2018-12-16 20:00:00', '2018-12-16 20:00:00'),
(381, 418, 1, 1, 1, 1, 1, 1, 1, 1, 1, 1, '2018-12-16 20:00:00', '2018-12-16 20:00:00'),
(382, 419, 1, 1, 1, 1, 1, 1, 1, 1, 1, 1, '2018-12-16 20:00:00', '2018-12-16 20:00:00'),
(383, 420, 1, 1, 1, 1, 1, 1, 1, 1, 1, 1, '2018-12-16 20:00:00', '2018-12-16 20:00:00'),
(384, 421, 1, 1, 1, 1, 1, 1, 1, 1, 1, 1, '2018-12-16 20:00:00', '2018-12-16 20:00:00'),
(385, 422, 1, 1, 1, 1, 1, 1, 1, 1, 1, 1, '2018-12-16 20:00:00', '2018-12-16 20:00:00'),
(386, 423, 1, 1, 1, 1, 1, 1, 1, 1, 1, 1, '2018-12-16 20:00:00', '2018-12-16 20:00:00'),
(387, 424, 1, 1, 1, 1, 1, 1, 1, 1, 1, 1, '2018-12-16 20:00:00', '2018-12-16 20:00:00'),
(388, 425, 1, 1, 1, 1, 1, 1, 1, 1, 1, 1, '2018-12-16 20:00:00', '2018-12-16 20:00:00'),
(389, 426, 1, 1, 1, 1, 1, 1, 1, 1, 1, 1, '2018-12-16 20:00:00', '2018-12-16 20:00:00'),
(390, 427, 1, 1, 1, 1, 1, 1, 1, 1, 1, 1, '2018-12-16 20:00:00', '2018-12-16 20:00:00'),
(391, 428, 1, 1, 1, 1, 1, 1, 1, 1, 1, 1, '2018-12-16 20:00:00', '2018-12-16 20:00:00'),
(392, 429, 1, 1, 1, 1, 1, 1, 1, 1, 1, 1, '2018-12-16 20:00:00', '2018-12-16 20:00:00'),
(393, 430, 1, 1, 1, 1, 1, 1, 1, 1, 1, 1, '2018-12-16 20:00:00', '2018-12-16 20:00:00'),
(394, 431, 1, 1, 1, 1, 1, 1, 1, 1, 1, 1, '2018-12-16 20:00:00', '2018-12-16 20:00:00'),
(395, 432, 1, 1, 1, 1, 1, 1, 1, 1, 1, 1, '2018-12-16 20:00:00', '2018-12-16 20:00:00'),
(396, 433, 1, 1, 1, 1, 1, 1, 1, 1, 1, 1, '2018-12-16 20:00:00', '2018-12-16 20:00:00'),
(397, 434, 1, 1, 1, 1, 1, 1, 1, 1, 1, 1, '2018-12-16 20:00:00', '2018-12-16 20:00:00'),
(398, 435, 1, 1, 1, 1, 1, 1, 1, 1, 1, 1, '2018-12-16 20:00:00', '2018-12-16 20:00:00'),
(399, 436, 1, 1, 1, 1, 1, 1, 1, 1, 1, 1, '2018-12-16 20:00:00', '2018-12-16 20:00:00'),
(400, 437, 1, 1, 1, 1, 1, 1, 1, 1, 1, 1, '2018-12-16 20:00:00', '2018-12-16 20:00:00'),
(401, 438, 1, 1, 1, 1, 1, 1, 1, 1, 1, 1, '2018-12-16 20:00:00', '2018-12-16 20:00:00'),
(402, 439, 1, 1, 1, 1, 1, 1, 1, 1, 1, 1, '2018-12-16 20:00:00', '2018-12-16 20:00:00'),
(403, 440, 1, 1, 1, 1, 1, 1, 1, 1, 1, 1, '2018-12-16 20:00:00', '2018-12-16 20:00:00'),
(404, 441, 1, 1, 1, 1, 1, 1, 1, 1, 1, 1, '2018-12-16 20:00:00', '2018-12-16 20:00:00'),
(405, 442, 1, 1, 1, 1, 1, 1, 1, 1, 1, 1, '2018-12-16 20:00:00', '2018-12-16 20:00:00'),
(406, 443, 1, 1, 1, 1, 1, 1, 1, 1, 1, 1, '2018-12-16 20:00:00', '2018-12-16 20:00:00'),
(407, 444, 1, 1, 1, 1, 1, 1, 1, 1, 1, 1, '2018-12-16 20:00:00', '2018-12-16 20:00:00'),
(408, 445, 1, 1, 1, 1, 1, 1, 1, 1, 1, 1, '2018-12-16 20:00:00', '2018-12-16 20:00:00'),
(409, 446, 1, 1, 1, 1, 1, 1, 1, 1, 1, 1, '2018-12-16 20:00:00', '2018-12-16 20:00:00'),
(410, 447, 1, 1, 1, 1, 1, 1, 1, 1, 1, 1, '2018-12-16 20:00:00', '2018-12-16 20:00:00'),
(411, 448, 1, 1, 1, 1, 1, 1, 1, 1, 1, 1, '2018-12-16 20:00:00', '2018-12-16 20:00:00'),
(412, 449, 1, 1, 1, 1, 1, 1, 1, 1, 1, 1, '2018-12-16 20:00:00', '2018-12-16 20:00:00'),
(413, 450, 1, 1, 1, 1, 1, 1, 1, 1, 1, 1, '2018-12-16 20:00:00', '2018-12-16 20:00:00'),
(414, 451, 1, 1, 1, 1, 1, 1, 1, 1, 1, 1, '2018-12-16 20:00:00', '2018-12-16 20:00:00'),
(415, 452, 1, 1, 1, 1, 1, 1, 1, 1, 1, 1, '2018-12-16 20:00:00', '2018-12-16 20:00:00'),
(416, 453, 1, 1, 1, 1, 1, 1, 1, 1, 1, 1, '2018-12-16 20:00:00', '2018-12-16 20:00:00'),
(417, 454, 1, 1, 1, 1, 1, 1, 1, 1, 1, 1, '2018-12-16 20:00:00', '2018-12-16 20:00:00'),
(418, 455, 1, 1, 1, 1, 1, 1, 1, 1, 1, 1, '2018-12-16 20:00:00', '2018-12-16 20:00:00'),
(419, 456, 1, 1, 1, 1, 1, 1, 1, 1, 1, 1, '2018-12-16 20:00:00', '2018-12-16 20:00:00'),
(420, 457, 1, 1, 1, 1, 1, 1, 1, 1, 1, 1, '2018-12-16 20:00:00', '2018-12-16 20:00:00'),
(421, 458, 1, 1, 1, 1, 1, 1, 1, 1, 1, 1, '2018-12-16 20:00:00', '2018-12-16 20:00:00'),
(422, 459, 1, 1, 1, 1, 1, 1, 1, 1, 1, 1, '2018-12-16 20:00:00', '2018-12-16 20:00:00'),
(423, 460, 1, 1, 1, 1, 1, 1, 1, 1, 1, 1, '2018-12-16 20:00:00', '2018-12-16 20:00:00'),
(424, 461, 1, 1, 1, 1, 1, 1, 1, 1, 1, 1, '2018-12-16 20:00:00', '2018-12-16 20:00:00'),
(425, 462, 1, 1, 1, 1, 1, 1, 1, 1, 1, 1, '2018-12-16 20:00:00', '2018-12-16 20:00:00'),
(426, 463, 1, 1, 1, 1, 1, 1, 1, 1, 1, 1, '2018-12-16 20:00:00', '2018-12-16 20:00:00'),
(427, 464, 1, 1, 1, 1, 1, 1, 1, 1, 1, 1, '2018-12-16 20:00:00', '2018-12-16 20:00:00'),
(428, 465, 1, 1, 1, 1, 1, 1, 1, 1, 1, 1, '2018-12-16 20:00:00', '2018-12-16 20:00:00'),
(429, 466, 1, 1, 1, 1, 1, 1, 1, 1, 1, 1, '2018-12-16 20:00:00', '2018-12-16 20:00:00'),
(430, 467, 1, 1, 1, 1, 1, 1, 1, 1, 1, 1, '2018-12-16 20:00:00', '2018-12-16 20:00:00'),
(431, 468, 1, 1, 1, 1, 1, 1, 1, 1, 1, 1, '2018-12-16 20:00:00', '2018-12-16 20:00:00'),
(432, 469, 1, 1, 1, 1, 1, 1, 1, 1, 1, 1, '2018-12-16 20:00:00', '2018-12-16 20:00:00'),
(433, 470, 1, 1, 1, 1, 1, 1, 1, 1, 1, 1, '2018-12-16 20:00:00', '2018-12-16 20:00:00'),
(434, 471, 1, 1, 1, 1, 1, 1, 1, 1, 1, 1, '2018-12-16 20:00:00', '2018-12-16 20:00:00'),
(435, 472, 1, 1, 1, 1, 1, 1, 1, 1, 1, 1, '2018-12-16 20:00:00', '2018-12-16 20:00:00'),
(436, 473, 1, 1, 1, 1, 1, 1, 1, 1, 1, 1, '2018-12-16 20:00:00', '2018-12-16 20:00:00'),
(437, 474, 1, 1, 1, 1, 1, 1, 1, 1, 1, 1, '2018-12-16 20:00:00', '2018-12-16 20:00:00'),
(438, 475, 1, 1, 1, 1, 1, 1, 1, 1, 1, 1, '2018-12-16 20:00:00', '2018-12-16 20:00:00'),
(439, 476, 1, 1, 1, 1, 1, 1, 1, 1, 1, 1, '2018-12-16 20:00:00', '2018-12-16 20:00:00'),
(440, 477, 1, 1, 1, 1, 1, 1, 1, 1, 1, 1, '2018-12-16 20:00:00', '2018-12-16 20:00:00'),
(441, 478, 1, 1, 1, 1, 1, 1, 1, 1, 1, 1, '2018-12-16 20:00:00', '2018-12-16 20:00:00'),
(442, 479, 1, 1, 1, 1, 1, 1, 1, 1, 1, 1, '2018-12-16 20:00:00', '2018-12-16 20:00:00'),
(443, 480, 1, 1, 1, 1, 1, 1, 1, 1, 1, 1, '2018-12-16 20:00:00', '2018-12-16 20:00:00'),
(444, 481, 1, 1, 1, 1, 1, 1, 1, 1, 1, 1, '2018-12-16 20:00:00', '2018-12-16 20:00:00'),
(445, 482, 1, 1, 1, 1, 1, 1, 1, 1, 1, 1, '2018-12-16 20:00:00', '2018-12-16 20:00:00'),
(446, 483, 1, 1, 1, 1, 1, 1, 1, 1, 1, 1, '2018-12-16 20:00:00', '2018-12-16 20:00:00'),
(447, 484, 1, 1, 1, 1, 1, 1, 1, 1, 1, 1, '2018-12-16 20:00:00', '2018-12-16 20:00:00'),
(448, 485, 1, 1, 1, 1, 1, 1, 1, 1, 1, 1, '2018-12-16 20:00:00', '2018-12-16 20:00:00'),
(449, 486, 1, 1, 1, 1, 1, 1, 1, 1, 1, 1, '2018-12-16 20:00:00', '2018-12-16 20:00:00'),
(450, 487, 1, 1, 1, 1, 1, 1, 1, 1, 1, 1, '2018-12-16 20:00:00', '2018-12-16 20:00:00'),
(451, 488, 1, 1, 1, 1, 1, 1, 1, 1, 1, 1, '2018-12-16 20:00:00', '2018-12-16 20:00:00'),
(452, 489, 1, 1, 1, 1, 1, 1, 1, 1, 1, 1, '2018-12-16 20:00:00', '2018-12-16 20:00:00'),
(453, 490, 1, 1, 1, 1, 1, 1, 1, 1, 1, 1, '2018-12-16 20:00:00', '2018-12-16 20:00:00'),
(454, 491, 1, 1, 1, 1, 1, 1, 1, 1, 1, 1, '2018-12-16 20:00:00', '2018-12-16 20:00:00'),
(455, 492, 1, 1, 1, 1, 1, 1, 1, 1, 1, 1, '2018-12-16 20:00:00', '2018-12-16 20:00:00'),
(456, 493, 1, 1, 1, 1, 1, 1, 1, 1, 1, 1, '2018-12-16 20:00:00', '2018-12-16 20:00:00'),
(457, 494, 1, 1, 1, 1, 1, 1, 1, 1, 1, 1, '2018-12-16 20:00:00', '2018-12-16 20:00:00'),
(458, 495, 1, 1, 1, 1, 1, 1, 1, 1, 1, 1, '2018-12-16 20:00:00', '2018-12-16 20:00:00'),
(459, 496, 1, 1, 1, 1, 1, 1, 1, 1, 1, 1, '2018-12-16 20:00:00', '2018-12-16 20:00:00'),
(460, 497, 1, 1, 1, 1, 1, 1, 1, 1, 1, 1, '2018-12-16 20:00:00', '2018-12-16 20:00:00'),
(461, 498, 1, 1, 1, 1, 1, 1, 1, 1, 1, 1, '2018-12-16 20:00:00', '2018-12-16 20:00:00'),
(462, 499, 1, 1, 1, 1, 1, 1, 1, 1, 1, 1, '2018-12-16 20:00:00', '2018-12-16 20:00:00'),
(463, 500, 1, 1, 1, 1, 1, 1, 1, 1, 1, 1, '2018-12-16 20:00:00', '2018-12-16 20:00:00'),
(464, 501, 1, 1, 1, 1, 1, 1, 1, 1, 1, 1, '2018-12-16 20:00:00', '2018-12-16 20:00:00'),
(465, 502, 1, 1, 1, 1, 1, 1, 1, 1, 1, 1, '2018-12-16 20:00:00', '2018-12-16 20:00:00'),
(466, 503, 1, 1, 1, 1, 1, 1, 1, 1, 1, 1, '2018-12-16 20:00:00', '2018-12-16 20:00:00'),
(467, 504, 1, 1, 1, 1, 1, 1, 1, 1, 1, 1, '2018-12-16 20:00:00', '2018-12-16 20:00:00'),
(468, 505, 1, 1, 1, 1, 1, 1, 1, 1, 1, 1, '2018-12-16 20:00:00', '2018-12-16 20:00:00'),
(469, 506, 1, 1, 1, 1, 1, 1, 1, 1, 1, 1, '2018-12-16 20:00:00', '2018-12-16 20:00:00'),
(470, 507, 1, 1, 1, 1, 1, 1, 1, 1, 1, 1, '2018-12-16 20:00:00', '2018-12-16 20:00:00'),
(471, 508, 1, 1, 1, 1, 1, 1, 1, 1, 1, 1, '2018-12-16 20:00:00', '2018-12-16 20:00:00'),
(472, 509, 1, 1, 1, 1, 1, 1, 1, 1, 1, 1, '2018-12-16 20:00:00', '2018-12-16 20:00:00'),
(473, 510, 1, 1, 1, 1, 1, 1, 1, 1, 1, 1, '2018-12-16 20:00:00', '2018-12-16 20:00:00'),
(474, 511, 1, 1, 1, 1, 1, 1, 1, 1, 1, 1, '2018-12-16 20:00:00', '2018-12-16 20:00:00'),
(475, 512, 1, 1, 1, 1, 1, 1, 1, 1, 1, 1, '2018-12-16 20:00:00', '2018-12-16 20:00:00'),
(476, 513, 1, 1, 1, 1, 1, 1, 1, 1, 1, 1, '2018-12-16 20:00:00', '2018-12-16 20:00:00'),
(477, 514, 1, 1, 1, 1, 1, 1, 1, 1, 1, 1, '2018-12-16 20:00:00', '2018-12-16 20:00:00'),
(478, 515, 1, 1, 1, 1, 1, 1, 1, 1, 1, 1, '2018-12-16 20:00:00', '2018-12-16 20:00:00'),
(479, 516, 1, 1, 1, 1, 1, 1, 1, 1, 1, 1, '2018-12-16 20:00:00', '2018-12-16 20:00:00'),
(480, 517, 1, 1, 1, 1, 1, 1, 1, 1, 1, 1, '2018-12-16 20:00:00', '2018-12-16 20:00:00'),
(481, 518, 1, 1, 1, 1, 1, 1, 1, 1, 1, 1, '2018-12-16 20:00:00', '2018-12-16 20:00:00'),
(482, 519, 1, 1, 1, 1, 1, 1, 1, 1, 1, 1, '2018-12-16 20:00:00', '2018-12-16 20:00:00'),
(483, 520, 1, 1, 1, 1, 1, 1, 1, 1, 1, 1, '2018-12-16 20:00:00', '2018-12-16 20:00:00'),
(484, 521, 1, 1, 1, 1, 1, 1, 1, 1, 1, 1, '2018-12-16 20:00:00', '2018-12-16 20:00:00'),
(485, 522, 1, 1, 1, 1, 1, 1, 1, 1, 1, 1, '2018-12-16 20:00:00', '2018-12-16 20:00:00'),
(486, 523, 1, 1, 1, 1, 1, 1, 1, 1, 1, 1, '2018-12-16 20:00:00', '2018-12-16 20:00:00'),
(487, 524, 1, 1, 1, 1, 1, 1, 1, 1, 1, 1, '2018-12-16 20:00:00', '2018-12-16 20:00:00'),
(488, 525, 1, 1, 1, 1, 1, 1, 1, 1, 1, 1, '2018-12-16 20:00:00', '2018-12-16 20:00:00'),
(489, 526, 1, 1, 1, 1, 1, 1, 1, 1, 1, 1, '2018-12-16 20:00:00', '2018-12-16 20:00:00'),
(490, 527, 1, 1, 1, 1, 1, 1, 1, 1, 1, 1, '2018-12-16 20:00:00', '2018-12-16 20:00:00'),
(491, 528, 1, 1, 1, 1, 1, 1, 1, 1, 1, 1, '2018-12-16 20:00:00', '2018-12-16 20:00:00'),
(492, 529, 1, 1, 1, 1, 1, 1, 1, 1, 1, 1, '2018-12-16 20:00:00', '2018-12-16 20:00:00'),
(493, 530, 1, 1, 1, 1, 1, 1, 1, 1, 1, 1, '2018-12-16 20:00:00', '2018-12-16 20:00:00'),
(494, 531, 1, 1, 1, 1, 1, 1, 1, 1, 1, 1, '2018-12-16 20:00:00', '2018-12-16 20:00:00'),
(495, 532, 1, 1, 1, 1, 1, 1, 1, 1, 1, 1, '2018-12-16 20:00:00', '2018-12-16 20:00:00'),
(496, 533, 1, 1, 1, 1, 1, 1, 1, 1, 1, 1, '2018-12-16 20:00:00', '2018-12-16 20:00:00'),
(497, 534, 1, 1, 1, 1, 1, 1, 1, 1, 1, 1, '2018-12-16 20:00:00', '2018-12-16 20:00:00'),
(498, 535, 1, 1, 1, 1, 1, 1, 1, 1, 1, 1, '2018-12-16 20:00:00', '2018-12-16 20:00:00'),
(499, 536, 1, 1, 1, 1, 1, 1, 1, 1, 1, 1, '2018-12-16 20:00:00', '2018-12-16 20:00:00'),
(500, 537, 1, 1, 1, 1, 1, 1, 1, 1, 1, 1, '2018-12-16 20:00:00', '2018-12-16 20:00:00'),
(501, 538, 1, 1, 1, 1, 1, 1, 1, 1, 1, 1, '2018-12-16 20:00:00', '2018-12-16 20:00:00'),
(502, 539, 1, 1, 1, 1, 1, 1, 1, 1, 1, 1, '2018-12-16 20:00:00', '2018-12-16 20:00:00'),
(503, 540, 1, 1, 1, 1, 1, 1, 1, 1, 1, 1, '2018-12-16 20:00:00', '2018-12-16 20:00:00'),
(504, 541, 1, 1, 1, 1, 1, 1, 1, 1, 1, 1, '2018-12-16 20:00:00', '2018-12-16 20:00:00'),
(505, 542, 1, 1, 1, 1, 1, 1, 1, 1, 1, 1, '2018-12-16 20:00:00', '2018-12-16 20:00:00'),
(506, 543, 1, 1, 1, 1, 1, 1, 1, 1, 1, 1, '2018-12-16 20:00:00', '2018-12-16 20:00:00'),
(507, 544, 1, 1, 1, 1, 1, 1, 1, 1, 1, 1, '2018-12-16 20:00:00', '2018-12-16 20:00:00'),
(508, 545, 1, 1, 1, 1, 1, 1, 1, 1, 1, 1, '2018-12-16 20:00:00', '2018-12-16 20:00:00'),
(509, 546, 1, 1, 1, 1, 1, 1, 1, 1, 1, 1, '2018-12-16 20:00:00', '2018-12-16 20:00:00'),
(510, 547, 1, 1, 1, 1, 1, 1, 1, 1, 1, 1, '2018-12-16 20:00:00', '2018-12-16 20:00:00'),
(511, 548, 1, 1, 1, 1, 1, 1, 1, 1, 1, 1, '2018-12-16 20:00:00', '2018-12-16 20:00:00'),
(512, 549, 1, 1, 1, 1, 1, 1, 1, 1, 1, 1, '2018-12-16 20:00:00', '2018-12-16 20:00:00'),
(513, 550, 1, 1, 1, 1, 1, 1, 1, 1, 1, 1, '2018-12-16 20:00:00', '2018-12-16 20:00:00'),
(514, 551, 1, 1, 1, 1, 1, 1, 1, 1, 1, 1, '2018-12-16 20:00:00', '2018-12-16 20:00:00'),
(515, 552, 1, 1, 1, 1, 1, 1, 1, 1, 1, 1, '2018-12-16 20:00:00', '2018-12-16 20:00:00'),
(516, 553, 1, 1, 1, 1, 1, 1, 1, 1, 1, 1, '2018-12-16 20:00:00', '2018-12-16 20:00:00'),
(517, 554, 1, 1, 1, 1, 1, 1, 1, 1, 1, 1, '2018-12-16 20:00:00', '2018-12-16 20:00:00'),
(518, 555, 1, 1, 1, 1, 1, 1, 1, 1, 1, 1, '2018-12-16 20:00:00', '2018-12-16 20:00:00'),
(519, 556, 1, 1, 1, 1, 1, 1, 1, 1, 1, 1, '2018-12-16 20:00:00', '2018-12-16 20:00:00'),
(520, 557, 1, 1, 1, 1, 1, 1, 1, 1, 1, 1, '2018-12-16 20:00:00', '2018-12-16 20:00:00'),
(521, 558, 1, 1, 1, 1, 1, 1, 1, 1, 1, 1, '2018-12-16 20:00:00', '2018-12-16 20:00:00'),
(522, 559, 1, 1, 1, 1, 1, 1, 1, 1, 1, 1, '2018-12-16 20:00:00', '2018-12-16 20:00:00'),
(523, 560, 1, 1, 1, 1, 1, 1, 1, 1, 1, 1, '2018-12-16 20:00:00', '2018-12-16 20:00:00'),
(524, 561, 1, 1, 1, 1, 1, 1, 1, 1, 1, 1, '2018-12-16 20:00:00', '2018-12-16 20:00:00'),
(525, 562, 1, 1, 1, 1, 1, 1, 1, 1, 1, 1, '2018-12-16 20:00:00', '2018-12-16 20:00:00'),
(526, 563, 1, 1, 1, 1, 1, 1, 1, 1, 1, 1, '2018-12-16 20:00:00', '2018-12-16 20:00:00'),
(527, 564, 1, 1, 1, 1, 1, 1, 1, 1, 1, 1, '2018-12-16 20:00:00', '2018-12-16 20:00:00'),
(528, 565, 1, 1, 1, 1, 1, 1, 1, 1, 1, 1, '2018-12-16 20:00:00', '2018-12-16 20:00:00'),
(529, 566, 1, 1, 1, 1, 1, 1, 1, 1, 1, 1, '2018-12-16 20:00:00', '2018-12-16 20:00:00'),
(530, 567, 1, 1, 1, 1, 1, 1, 1, 1, 1, 1, '2018-12-16 20:00:00', '2018-12-16 20:00:00'),
(531, 568, 1, 1, 1, 1, 1, 1, 1, 1, 1, 1, '2018-12-16 20:00:00', '2018-12-16 20:00:00'),
(532, 569, 1, 1, 1, 1, 1, 1, 1, 1, 1, 1, '2018-12-16 20:00:00', '2018-12-16 20:00:00'),
(533, 570, 1, 1, 1, 1, 1, 1, 1, 1, 1, 1, '2018-12-16 20:00:00', '2018-12-16 20:00:00'),
(534, 571, 1, 1, 1, 1, 1, 1, 1, 1, 1, 1, '2018-12-16 20:00:00', '2018-12-16 20:00:00'),
(535, 572, 1, 1, 1, 1, 1, 1, 1, 1, 1, 1, '2018-12-16 20:00:00', '2018-12-16 20:00:00'),
(536, 573, 1, 1, 1, 1, 1, 1, 1, 1, 1, 1, '2018-12-16 20:00:00', '2018-12-16 20:00:00'),
(537, 574, 1, 1, 1, 1, 1, 1, 1, 1, 1, 1, '2018-12-16 20:00:00', '2018-12-16 20:00:00'),
(538, 575, 1, 1, 1, 1, 1, 1, 1, 1, 1, 1, '2018-12-16 20:00:00', '2018-12-16 20:00:00'),
(539, 576, 1, 1, 1, 1, 1, 1, 1, 1, 1, 1, '2018-12-16 20:00:00', '2018-12-16 20:00:00'),
(540, 577, 1, 1, 1, 1, 1, 1, 1, 1, 1, 1, '2018-12-16 20:00:00', '2018-12-16 20:00:00'),
(541, 578, 1, 1, 1, 1, 1, 1, 1, 1, 1, 1, '2018-12-16 20:00:00', '2018-12-16 20:00:00'),
(542, 579, 1, 1, 1, 1, 1, 1, 1, 1, 1, 1, '2018-12-16 20:00:00', '2018-12-16 20:00:00'),
(543, 580, 1, 1, 1, 1, 1, 1, 1, 1, 1, 1, '2018-12-16 20:00:00', '2018-12-16 20:00:00'),
(544, 581, 1, 1, 1, 1, 1, 1, 1, 1, 1, 1, '2018-12-16 20:00:00', '2018-12-16 20:00:00'),
(545, 582, 1, 1, 1, 1, 1, 1, 1, 1, 1, 1, '2018-12-16 20:00:00', '2018-12-16 20:00:00'),
(546, 583, 1, 1, 1, 1, 1, 1, 1, 1, 1, 1, '2018-12-16 20:00:00', '2018-12-16 20:00:00'),
(547, 584, 1, 1, 1, 1, 1, 1, 1, 1, 1, 1, '2018-12-16 20:00:00', '2018-12-16 20:00:00'),
(548, 585, 1, 1, 1, 1, 1, 1, 1, 1, 1, 1, '2018-12-16 20:00:00', '2018-12-16 20:00:00'),
(549, 586, 1, 1, 1, 1, 1, 1, 1, 1, 1, 1, '2018-12-16 20:00:00', '2018-12-16 20:00:00'),
(550, 587, 1, 1, 1, 1, 1, 1, 1, 1, 1, 1, '2018-12-16 20:00:00', '2018-12-16 20:00:00'),
(551, 588, 1, 1, 1, 1, 1, 1, 1, 1, 1, 1, '2018-12-16 20:00:00', '2018-12-16 20:00:00'),
(552, 589, 1, 1, 1, 1, 1, 1, 1, 1, 1, 1, '2018-12-16 20:00:00', '2018-12-16 20:00:00'),
(553, 590, 1, 1, 1, 1, 1, 1, 1, 1, 1, 1, '2018-12-16 20:00:00', '2018-12-16 20:00:00'),
(554, 591, 1, 1, 1, 1, 1, 1, 1, 1, 1, 1, '2018-12-16 20:00:00', '2018-12-16 20:00:00'),
(555, 592, 1, 1, 1, 1, 1, 1, 1, 1, 1, 1, '2018-12-16 20:00:00', '2018-12-16 20:00:00'),
(556, 593, 1, 1, 1, 1, 1, 1, 1, 1, 1, 1, '2018-12-16 20:00:00', '2018-12-16 20:00:00'),
(557, 594, 1, 1, 1, 1, 1, 1, 1, 1, 1, 1, '2018-12-16 20:00:00', '2018-12-16 20:00:00'),
(558, 595, 1, 1, 1, 1, 1, 1, 1, 1, 1, 1, '2018-12-16 20:00:00', '2018-12-16 20:00:00'),
(559, 596, 1, 1, 1, 1, 1, 1, 1, 1, 1, 1, '2018-12-16 20:00:00', '2018-12-16 20:00:00'),
(560, 597, 1, 1, 1, 1, 1, 1, 1, 1, 1, 1, '2018-12-16 20:00:00', '2018-12-16 20:00:00'),
(561, 598, 1, 1, 1, 1, 1, 1, 1, 1, 1, 1, '2018-12-16 20:00:00', '2018-12-16 20:00:00'),
(562, 599, 1, 1, 1, 1, 1, 1, 1, 1, 1, 1, '2018-12-16 20:00:00', '2018-12-16 20:00:00'),
(563, 600, 1, 1, 1, 1, 1, 1, 1, 1, 1, 1, '2018-12-16 20:00:00', '2018-12-16 20:00:00'),
(564, 601, 1, 1, 1, 1, 1, 1, 1, 1, 1, 1, '2018-12-16 20:00:00', '2018-12-16 20:00:00'),
(565, 602, 1, 1, 1, 1, 1, 1, 1, 1, 1, 1, '2018-12-16 20:00:00', '2018-12-16 20:00:00'),
(566, 603, 1, 1, 1, 1, 1, 1, 1, 1, 1, 1, '2018-12-16 20:00:00', '2018-12-16 20:00:00'),
(567, 604, 1, 1, 1, 1, 1, 1, 1, 1, 1, 1, '2018-12-16 20:00:00', '2018-12-16 20:00:00'),
(568, 605, 1, 1, 1, 1, 1, 1, 1, 1, 1, 1, '2018-12-16 20:00:00', '2018-12-16 20:00:00'),
(569, 606, 1, 1, 1, 1, 1, 1, 1, 1, 1, 1, '2018-12-16 20:00:00', '2018-12-16 20:00:00'),
(570, 607, 1, 1, 1, 1, 1, 1, 1, 1, 1, 1, '2018-12-16 20:00:00', '2018-12-16 20:00:00'),
(571, 608, 1, 1, 1, 1, 1, 1, 1, 1, 1, 1, '2018-12-16 20:00:00', '2018-12-16 20:00:00'),
(572, 609, 1, 1, 1, 1, 1, 1, 1, 1, 1, 1, '2018-12-16 20:00:00', '2018-12-16 20:00:00'),
(573, 610, 1, 1, 1, 1, 1, 1, 1, 1, 1, 1, '2018-12-16 20:00:00', '2018-12-16 20:00:00'),
(574, 611, 1, 1, 1, 1, 1, 1, 1, 1, 1, 1, '2018-12-16 20:00:00', '2018-12-16 20:00:00'),
(575, 612, 1, 1, 1, 1, 1, 1, 1, 1, 1, 1, '2018-12-16 20:00:00', '2018-12-16 20:00:00'),
(576, 613, 1, 1, 1, 1, 1, 1, 1, 1, 1, 1, '2018-12-16 20:00:00', '2018-12-16 20:00:00'),
(577, 614, 1, 1, 1, 1, 1, 1, 1, 1, 1, 1, '2018-12-16 20:00:00', '2018-12-16 20:00:00'),
(578, 615, 1, 1, 1, 1, 1, 1, 1, 1, 1, 1, '2018-12-16 20:00:00', '2018-12-16 20:00:00'),
(579, 616, 1, 1, 1, 1, 1, 1, 1, 1, 1, 1, '2018-12-16 20:00:00', '2018-12-16 20:00:00'),
(580, 617, 1, 1, 1, 1, 1, 1, 1, 1, 1, 1, '2018-12-16 20:00:00', '2018-12-16 20:00:00'),
(581, 618, 1, 1, 1, 1, 1, 1, 1, 1, 1, 1, '2018-12-16 20:00:00', '2018-12-16 20:00:00');
INSERT INTO `hotel_facility` (`id`, `hotel_id`, `free_cancel`, `all_day_services`, `wifi`, `restaurant`, `washing_service`, `car_park`, `meeting_room`, `bar`, `gym_room`, `swim_pool`, `updated_at`, `created_at`) VALUES
(582, 619, 1, 1, 1, 1, 1, 1, 1, 1, 1, 1, '2018-12-16 20:00:00', '2018-12-16 20:00:00'),
(583, 620, 1, 1, 1, 1, 1, 1, 1, 1, 1, 1, '2018-12-16 20:00:00', '2018-12-16 20:00:00'),
(584, 621, 1, 1, 1, 1, 1, 1, 1, 1, 1, 1, '2018-12-16 20:00:00', '2018-12-16 20:00:00'),
(585, 622, 1, 1, 1, 1, 1, 1, 1, 1, 1, 1, '2018-12-16 20:00:00', '2018-12-16 20:00:00'),
(586, 623, 1, 1, 1, 1, 1, 1, 1, 1, 1, 1, '2018-12-16 20:00:00', '2018-12-16 20:00:00'),
(587, 624, 1, 1, 1, 1, 1, 1, 1, 1, 1, 1, '2018-12-16 20:00:00', '2018-12-16 20:00:00'),
(588, 625, 1, 1, 1, 1, 1, 1, 1, 1, 1, 1, '2018-12-16 20:00:00', '2018-12-16 20:00:00'),
(589, 626, 1, 1, 1, 1, 1, 1, 1, 1, 1, 1, '2018-12-16 20:00:00', '2018-12-16 20:00:00'),
(590, 627, 1, 1, 1, 1, 1, 1, 1, 1, 1, 1, '2018-12-16 20:00:00', '2018-12-16 20:00:00'),
(591, 628, 1, 1, 1, 1, 1, 1, 1, 1, 1, 1, '2018-12-16 20:00:00', '2018-12-16 20:00:00'),
(592, 629, 1, 1, 1, 1, 1, 1, 1, 1, 1, 1, '2018-12-16 20:00:00', '2018-12-16 20:00:00'),
(593, 630, 1, 1, 1, 1, 1, 1, 1, 1, 1, 1, '2018-12-16 20:00:00', '2018-12-16 20:00:00'),
(594, 631, 1, 1, 1, 1, 1, 1, 1, 1, 1, 1, '2018-12-16 20:00:00', '2018-12-16 20:00:00'),
(595, 632, 1, 1, 1, 1, 1, 1, 1, 1, 1, 1, '2018-12-16 20:00:00', '2018-12-16 20:00:00'),
(596, 633, 1, 1, 1, 1, 1, 1, 1, 1, 1, 1, '2018-12-16 20:00:00', '2018-12-16 20:00:00'),
(597, 634, 1, 1, 1, 1, 1, 1, 1, 1, 1, 1, '2018-12-16 20:00:00', '2018-12-16 20:00:00'),
(598, 635, 1, 1, 1, 1, 1, 1, 1, 1, 1, 1, '2018-12-16 20:00:00', '2018-12-16 20:00:00'),
(599, 636, 1, 1, 1, 1, 1, 1, 1, 1, 1, 1, '2018-12-16 20:00:00', '2018-12-16 20:00:00'),
(600, 637, 1, 1, 1, 1, 1, 1, 1, 1, 1, 1, '2018-12-16 20:00:00', '2018-12-16 20:00:00'),
(601, 638, 1, 1, 1, 1, 1, 1, 1, 1, 1, 1, '2018-12-16 20:00:00', '2018-12-16 20:00:00'),
(602, 639, 1, 1, 1, 1, 1, 1, 1, 1, 1, 1, '2018-12-16 20:00:00', '2018-12-16 20:00:00'),
(603, 640, 1, 1, 1, 1, 1, 1, 1, 1, 1, 1, '2018-12-16 20:00:00', '2018-12-16 20:00:00'),
(604, 641, 1, 1, 1, 1, 1, 1, 1, 1, 1, 1, '2018-12-16 20:00:00', '2018-12-16 20:00:00'),
(605, 642, 1, 1, 1, 1, 1, 1, 1, 1, 1, 1, '2018-12-16 20:00:00', '2018-12-16 20:00:00'),
(606, 643, 1, 1, 1, 1, 1, 1, 1, 1, 1, 1, '2018-12-16 20:00:00', '2018-12-16 20:00:00'),
(607, 644, 1, 1, 1, 1, 1, 1, 1, 1, 1, 1, '2018-12-16 20:00:00', '2018-12-16 20:00:00'),
(608, 645, 1, 1, 1, 1, 1, 1, 1, 1, 1, 1, '2018-12-16 20:00:00', '2018-12-16 20:00:00'),
(609, 646, 1, 1, 1, 1, 1, 1, 1, 1, 1, 1, '2018-12-16 20:00:00', '2018-12-16 20:00:00'),
(610, 647, 1, 1, 1, 1, 1, 1, 1, 1, 1, 1, '2018-12-16 20:00:00', '2018-12-16 20:00:00'),
(611, 648, 1, 1, 1, 1, 1, 1, 1, 1, 1, 1, '2018-12-16 20:00:00', '2018-12-16 20:00:00'),
(612, 649, 1, 1, 1, 1, 1, 1, 1, 1, 1, 1, '2018-12-16 20:00:00', '2018-12-16 20:00:00'),
(613, 650, 1, 1, 1, 1, 1, 1, 1, 1, 1, 1, '2018-12-16 20:00:00', '2018-12-16 20:00:00'),
(614, 651, 1, 1, 1, 1, 1, 1, 1, 1, 1, 1, '2018-12-16 20:00:00', '2018-12-16 20:00:00'),
(615, 652, 1, 1, 1, 1, 1, 1, 1, 1, 1, 1, '2018-12-16 20:00:00', '2018-12-16 20:00:00'),
(616, 653, 1, 1, 1, 1, 1, 1, 1, 1, 1, 1, '2018-12-16 20:00:00', '2018-12-16 20:00:00'),
(617, 654, 1, 1, 1, 1, 1, 1, 1, 1, 1, 1, '2018-12-16 20:00:00', '2018-12-16 20:00:00'),
(618, 655, 1, 1, 1, 1, 1, 1, 1, 1, 1, 1, '2018-12-16 20:00:00', '2018-12-16 20:00:00'),
(619, 656, 1, 1, 1, 1, 1, 1, 1, 1, 1, 1, '2018-12-16 20:00:00', '2018-12-16 20:00:00'),
(620, 657, 1, 1, 1, 1, 1, 1, 1, 1, 1, 1, '2018-12-16 20:00:00', '2018-12-16 20:00:00'),
(621, 658, 1, 1, 1, 1, 1, 1, 1, 1, 1, 1, '2018-12-16 20:00:00', '2018-12-16 20:00:00'),
(622, 659, 1, 1, 1, 1, 1, 1, 1, 1, 1, 1, '2018-12-16 20:00:00', '2018-12-16 20:00:00'),
(623, 660, 1, 1, 1, 1, 1, 1, 1, 1, 1, 1, '2018-12-16 20:00:00', '2018-12-16 20:00:00'),
(624, 661, 1, 1, 1, 1, 1, 1, 1, 1, 1, 1, '2018-12-16 20:00:00', '2018-12-16 20:00:00'),
(625, 662, 1, 1, 1, 1, 1, 1, 1, 1, 1, 1, '2018-12-16 20:00:00', '2018-12-16 20:00:00'),
(626, 663, 1, 1, 1, 1, 1, 1, 1, 1, 1, 1, '2018-12-16 20:00:00', '2018-12-16 20:00:00'),
(627, 664, 1, 1, 1, 1, 1, 1, 1, 1, 1, 1, '2018-12-16 20:00:00', '2018-12-16 20:00:00'),
(628, 665, 1, 1, 1, 1, 1, 1, 1, 1, 1, 1, '2018-12-16 20:00:00', '2018-12-16 20:00:00'),
(629, 666, 1, 1, 1, 1, 1, 1, 1, 1, 1, 1, '2018-12-16 20:00:00', '2018-12-16 20:00:00'),
(630, 667, 1, 1, 1, 1, 1, 1, 1, 1, 1, 1, '2018-12-16 20:00:00', '2018-12-16 20:00:00'),
(631, 668, 1, 1, 1, 1, 1, 1, 1, 1, 1, 1, '2018-12-16 20:00:00', '2018-12-16 20:00:00'),
(632, 669, 1, 1, 1, 1, 1, 1, 1, 1, 1, 1, '2018-12-16 20:00:00', '2018-12-16 20:00:00'),
(633, 670, 1, 1, 1, 1, 1, 1, 1, 1, 1, 1, '2018-12-16 20:00:00', '2018-12-16 20:00:00'),
(634, 671, 1, 1, 1, 1, 1, 1, 1, 1, 1, 1, '2018-12-16 20:00:00', '2018-12-16 20:00:00'),
(635, 672, 1, 1, 1, 1, 1, 1, 1, 1, 1, 1, '2018-12-16 20:00:00', '2018-12-16 20:00:00'),
(636, 673, 1, 1, 1, 1, 1, 1, 1, 1, 1, 1, '2018-12-16 20:00:00', '2018-12-16 20:00:00'),
(637, 674, 1, 1, 1, 1, 1, 1, 1, 1, 1, 1, '2018-12-16 20:00:00', '2018-12-16 20:00:00'),
(638, 675, 1, 1, 1, 1, 1, 1, 1, 1, 1, 1, '2018-12-16 20:00:00', '2018-12-16 20:00:00'),
(639, 676, 1, 1, 1, 1, 1, 1, 1, 1, 1, 1, '2018-12-16 20:00:00', '2018-12-16 20:00:00'),
(640, 677, 1, 1, 1, 1, 1, 1, 1, 1, 1, 1, '2018-12-16 20:00:00', '2018-12-16 20:00:00'),
(641, 678, 1, 1, 1, 1, 1, 1, 1, 1, 1, 1, '2018-12-16 20:00:00', '2018-12-16 20:00:00'),
(642, 679, 1, 1, 1, 1, 1, 1, 1, 1, 1, 1, '2018-12-16 20:00:00', '2018-12-16 20:00:00'),
(643, 680, 1, 1, 1, 1, 1, 1, 1, 1, 1, 1, '2018-12-16 20:00:00', '2018-12-16 20:00:00'),
(644, 681, 1, 1, 1, 1, 1, 1, 1, 1, 1, 1, '2018-12-16 20:00:00', '2018-12-16 20:00:00'),
(645, 682, 1, 1, 1, 1, 1, 1, 1, 1, 1, 1, '2018-12-16 20:00:00', '2018-12-16 20:00:00'),
(646, 683, 1, 1, 1, 1, 1, 1, 1, 1, 1, 1, '2018-12-16 20:00:00', '2018-12-16 20:00:00'),
(647, 684, 1, 1, 1, 1, 1, 1, 1, 1, 1, 1, '2018-12-16 20:00:00', '2018-12-16 20:00:00'),
(648, 685, 1, 1, 1, 1, 1, 1, 1, 1, 1, 1, '2018-12-16 20:00:00', '2018-12-16 20:00:00'),
(649, 686, 1, 1, 1, 1, 1, 1, 1, 1, 1, 1, '2018-12-16 20:00:00', '2018-12-16 20:00:00'),
(650, 687, 1, 1, 1, 1, 1, 1, 1, 1, 1, 1, '2018-12-16 20:00:00', '2018-12-16 20:00:00'),
(651, 688, 1, 1, 1, 1, 1, 1, 1, 1, 1, 1, '2018-12-16 20:00:00', '2018-12-16 20:00:00'),
(652, 689, 1, 1, 1, 1, 1, 1, 1, 1, 1, 1, '2018-12-16 20:00:00', '2018-12-16 20:00:00'),
(653, 690, 1, 1, 1, 1, 1, 1, 1, 1, 1, 1, '2018-12-16 20:00:00', '2018-12-16 20:00:00'),
(654, 691, 1, 1, 1, 1, 1, 1, 1, 1, 1, 1, '2018-12-16 20:00:00', '2018-12-16 20:00:00'),
(655, 692, 1, 1, 1, 1, 1, 1, 1, 1, 1, 1, '2018-12-16 20:00:00', '2018-12-16 20:00:00'),
(656, 693, 1, 1, 1, 1, 1, 1, 1, 1, 1, 1, '2018-12-16 20:00:00', '2018-12-16 20:00:00'),
(657, 694, 1, 1, 1, 1, 1, 1, 1, 1, 1, 1, '2018-12-16 20:00:00', '2018-12-16 20:00:00'),
(658, 695, 1, 1, 1, 1, 1, 1, 1, 1, 1, 1, '2018-12-16 20:00:00', '2018-12-16 20:00:00'),
(659, 696, 1, 1, 1, 1, 1, 1, 1, 1, 1, 1, '2018-12-16 20:00:00', '2018-12-16 20:00:00'),
(660, 697, 1, 1, 1, 1, 1, 1, 1, 1, 1, 1, '2018-12-16 20:00:00', '2018-12-16 20:00:00'),
(661, 698, 1, 1, 1, 1, 1, 1, 1, 1, 1, 1, '2018-12-16 20:00:00', '2018-12-16 20:00:00'),
(662, 699, 1, 1, 1, 1, 1, 1, 1, 1, 1, 1, '2018-12-16 20:00:00', '2018-12-16 20:00:00'),
(663, 700, 1, 1, 1, 1, 1, 1, 1, 1, 1, 1, '2018-12-16 20:00:00', '2018-12-16 20:00:00'),
(664, 701, 1, 1, 1, 1, 1, 1, 1, 1, 1, 1, '2018-12-16 20:00:00', '2018-12-16 20:00:00'),
(665, 702, 1, 1, 1, 1, 1, 1, 1, 1, 1, 1, '2018-12-16 20:00:00', '2018-12-16 20:00:00'),
(666, 703, 1, 1, 1, 1, 1, 1, 1, 1, 1, 1, '2018-12-16 20:00:00', '2018-12-16 20:00:00'),
(667, 704, 1, 1, 1, 1, 1, 1, 1, 1, 1, 1, '2018-12-16 20:00:00', '2018-12-16 20:00:00'),
(668, 705, 1, 1, 1, 1, 1, 1, 1, 1, 1, 1, '2018-12-16 20:00:00', '2018-12-16 20:00:00'),
(669, 706, 1, 1, 1, 1, 1, 1, 1, 1, 1, 1, '2018-12-16 20:00:00', '2018-12-16 20:00:00'),
(670, 707, 1, 1, 1, 1, 1, 1, 1, 1, 1, 1, '2018-12-16 20:00:00', '2018-12-16 20:00:00'),
(671, 708, 1, 1, 1, 1, 1, 1, 1, 1, 1, 1, '2018-12-16 20:00:00', '2018-12-16 20:00:00'),
(672, 709, 1, 1, 1, 1, 1, 1, 1, 1, 1, 1, '2018-12-16 20:00:00', '2018-12-16 20:00:00'),
(673, 710, 1, 1, 1, 1, 1, 1, 1, 1, 1, 1, '2018-12-16 20:00:00', '2018-12-16 20:00:00'),
(674, 711, 1, 1, 1, 1, 1, 1, 1, 1, 1, 1, '2018-12-16 20:00:00', '2018-12-16 20:00:00'),
(675, 712, 1, 1, 1, 1, 1, 1, 1, 1, 1, 1, '2018-12-16 20:00:00', '2018-12-16 20:00:00'),
(676, 713, 1, 1, 1, 1, 1, 1, 1, 1, 1, 1, '2018-12-16 20:00:00', '2018-12-16 20:00:00'),
(677, 714, 1, 1, 1, 1, 1, 1, 1, 1, 1, 1, '2018-12-16 20:00:00', '2018-12-16 20:00:00'),
(678, 715, 1, 1, 1, 1, 1, 1, 1, 1, 1, 1, '2018-12-16 20:00:00', '2018-12-16 20:00:00'),
(679, 716, 1, 1, 1, 1, 1, 1, 1, 1, 1, 1, '2018-12-16 20:00:00', '2018-12-16 20:00:00'),
(680, 717, 1, 1, 1, 1, 1, 1, 1, 1, 1, 1, '2018-12-16 20:00:00', '2018-12-16 20:00:00'),
(681, 718, 1, 1, 1, 1, 1, 1, 1, 1, 1, 1, '2018-12-16 20:00:00', '2018-12-16 20:00:00'),
(682, 719, 1, 1, 1, 1, 1, 1, 1, 1, 1, 1, '2018-12-16 20:00:00', '2018-12-16 20:00:00'),
(683, 720, 1, 1, 1, 1, 1, 1, 1, 1, 1, 1, '2018-12-16 20:00:00', '2018-12-16 20:00:00'),
(684, 721, 1, 1, 1, 1, 1, 1, 1, 1, 1, 1, '2018-12-16 20:00:00', '2018-12-16 20:00:00'),
(685, 722, 1, 1, 1, 1, 1, 1, 1, 1, 1, 1, '2018-12-16 20:00:00', '2018-12-16 20:00:00'),
(686, 723, 1, 1, 1, 1, 1, 1, 1, 1, 1, 1, '2018-12-16 20:00:00', '2018-12-16 20:00:00'),
(687, 724, 1, 1, 1, 1, 1, 1, 1, 1, 1, 1, '2018-12-16 20:00:00', '2018-12-16 20:00:00'),
(688, 725, 1, 1, 1, 1, 1, 1, 1, 1, 1, 1, '2018-12-16 20:00:00', '2018-12-16 20:00:00'),
(689, 726, 1, 1, 1, 1, 1, 1, 1, 1, 1, 1, '2018-12-16 20:00:00', '2018-12-16 20:00:00'),
(690, 727, 1, 1, 1, 1, 1, 1, 1, 1, 1, 1, '2018-12-16 20:00:00', '2018-12-16 20:00:00'),
(691, 728, 1, 1, 1, 1, 1, 1, 1, 1, 1, 1, '2018-12-16 20:00:00', '2018-12-16 20:00:00'),
(692, 729, 1, 1, 1, 1, 1, 1, 1, 1, 1, 1, '2018-12-16 20:00:00', '2018-12-16 20:00:00'),
(693, 730, 1, 1, 1, 1, 1, 1, 1, 1, 1, 1, '2018-12-16 20:00:00', '2018-12-16 20:00:00'),
(694, 731, 1, 1, 1, 1, 1, 1, 1, 1, 1, 1, '2018-12-16 20:00:00', '2018-12-16 20:00:00'),
(695, 732, 1, 1, 1, 1, 1, 1, 1, 1, 1, 1, '2018-12-16 20:00:00', '2018-12-16 20:00:00'),
(696, 733, 1, 1, 1, 1, 1, 1, 1, 1, 1, 1, '2018-12-16 20:00:00', '2018-12-16 20:00:00'),
(697, 734, 1, 1, 1, 1, 1, 1, 1, 1, 1, 1, '2018-12-16 20:00:00', '2018-12-16 20:00:00'),
(698, 735, 1, 1, 1, 1, 1, 1, 1, 1, 1, 1, '2018-12-16 20:00:00', '2018-12-16 20:00:00'),
(699, 736, 1, 1, 1, 1, 1, 1, 1, 1, 1, 1, '2018-12-16 20:00:00', '2018-12-16 20:00:00'),
(700, 737, 1, 1, 1, 1, 1, 0, 1, 1, 0, 1, '2018-12-22 02:08:39', '2018-12-22 02:08:39'),
(701, 737, 1, 1, 1, 1, 1, 1, 1, 1, 1, 0, '2018-12-31 17:41:11', '2018-12-31 17:41:11'),
(702, 738, 1, 1, 1, 1, 1, 1, 1, 1, 1, 1, '2018-12-31 17:55:37', '2018-12-31 17:55:37');

-- --------------------------------------------------------

--
-- 資料表結構 `hotel_image`
--

CREATE TABLE `hotel_image` (
  `id` int(11) NOT NULL,
  `hotel_id` int(11) NOT NULL,
  `filename` varchar(255) NOT NULL,
  `resized_name` varchar(255) NOT NULL,
  `original_name` varchar(255) NOT NULL,
  `created_at` datetime NOT NULL,
  `updated_at` datetime NOT NULL
) ENGINE=InnoDB DEFAULT CHARSET=utf8;

--
-- 資料表的匯出資料 `hotel_image`
--

INSERT INTO `hotel_image` (`id`, `hotel_id`, `filename`, `resized_name`, `original_name`, `created_at`, `updated_at`) VALUES
(26, 2, '6eab8b97cb571319e08f5f84f1640137e106feec.png', '6eab8b97cb571319e08f5f84f1640137e106feecBk.png', 'The-Peninsula-Hong-Kong.png', '2018-11-24 00:25:46', '2018-11-24 00:25:46'),
(28, 2, 'b2181b9795b3a15d35e6f1005b98be4a0a05fdd9.jpg', 'b2181b9795b3a15d35e6f1005b98be4a0a05fdd92q.jpg', 'phk-lobby-interior-1074a.jpg', '2018-11-24 00:25:46', '2018-11-24 00:25:46'),
(29, 2, 'adf1383c660b86df71464845990f958e453c6e1c.jpg', 'adf1383c660b86df71464845990f958e453c6e1cnF.jpg', 'Marco Polo Suite_Living Room_2_1074.jpg', '2018-11-24 00:25:46', '2018-11-24 00:25:46'),
(30, 2, '45ec1a28d499f2a6fb8a26af75e86c6467470aa3.png', '45ec1a28d499f2a6fb8a26af75e86c6467470aa39V.png', 'Screen+Shot+2017-04-24+at+17.44.30.png', '2018-11-24 00:25:47', '2018-11-24 00:25:47'),
(31, 2, '03debacd51cc686ffb1c803c446cf5c6a8f670d9.jpg', '03debacd51cc686ffb1c803c446cf5c6a8f670d9Ms.jpg', 'the-peninsula-hong-kong-l-xlarge.jpg', '2018-11-24 00:25:47', '2018-11-24 00:25:47'),
(32, 2, 'bd427846ef698ae84a5207a119914a3775dc9d49.jpg', 'bd427846ef698ae84a5207a119914a3775dc9d49TT.jpg', 'phk-swimming-pool-1074.jpg', '2018-11-24 00:25:47', '2018-11-24 00:25:47'),
(33, 2, 'e6fac61607b3e003b8c7cad4ded372c01665cb2f.jpg', 'e6fac61607b3e003b8c7cad4ded372c01665cb2fI0.jpg', 'places-04.jpg', '2018-11-24 00:37:18', '2018-11-24 00:37:18'),
(45, 31, 'cd96afb25f2f1505bfaafdb6ea3bea2e5acd59ee.jpg', 'cd96afb25f2f1505bfaafdb6ea3bea2e5acd59eeg8.jpg', '22080g0000007sznw9D63_R_800_525_R5_D.jpg', '2018-11-24 23:47:00', '2018-11-24 23:47:00'),
(46, 31, '7b1902d1dc38b2b402039e9940e728834e711681.jpg', '7b1902d1dc38b2b402039e9940e728834e711681he.jpg', '22060g0000007szv6D708_R_800_525_R5_D.jpg', '2018-11-24 23:47:04', '2018-11-24 23:47:04'),
(47, 31, 'f45f6008a9b95b7736593abb8ed5423b0345fee1.jpg', 'f45f6008a9b95b7736593abb8ed5423b0345fee1xK.jpg', '22090g0000007tchg6239_R_800_525_R5_D.jpg', '2018-11-24 23:47:08', '2018-11-24 23:47:08'),
(48, 31, '679d2b041c758d4b813340557597b72b54dfd457.jpg', '679d2b041c758d4b813340557597b72b54dfd457fw.jpg', 'CghzgFWjVMGAG_2QAAHBk82Drak697_R_800_525_R5_D.jpg', '2018-11-24 23:47:28', '2018-11-24 23:47:28'),
(49, 31, '769874b7534e66c98be5d67995f31542c91fbba2.jpg', '769874b7534e66c98be5d67995f31542c91fbba29U.jpg', 'CghzfFWjVL-ABfB-AAJ5Jq3J0AM269_R_800_525_R5_D.jpg', '2018-11-24 23:47:32', '2018-11-24 23:47:32'),
(50, 31, '09f43e9fc76f112ddde10aed896069a3ccc452f9.jpg', '09f43e9fc76f112ddde10aed896069a3ccc452f9PY.jpg', '220v0g0000007t0mc42CF_R_800_525_R5_D.jpg', '2018-11-24 23:47:42', '2018-11-24 23:47:42'),
(51, 31, 'a2001bbb338374aa48f59abb815b0658f0c6312c.jpg', 'a2001bbb338374aa48f59abb815b0658f0c6312clv.jpg', '220m0g0000007t0tc9730_R_800_525_R5_D.jpg', '2018-11-24 23:47:55', '2018-11-24 23:47:55'),
(52, 31, '802e6582ff0076794336afca0c43ca7c81d910fb.jpg', '802e6582ff0076794336afca0c43ca7c81d910fbN7.jpg', '22070g0000007t1unD7C4_R_800_525_R5_D.jpg', '2018-11-24 23:48:05', '2018-11-24 23:48:05'),
(53, 40, 'd780a3d07402fa365db66f0921f4c25d0a5f0b1f.jpg', 'd780a3d07402fa365db66f0921f4c25d0a5f0b1fQC.jpg', '7e673c06-c1ec-11e6-85c8-a5c9105fe082_1280x720.jpg', '2018-12-16 21:01:46', '2018-12-16 21:01:46'),
(54, 735, '0b888d04ced0a0ce16eee62c282cb9672a2fee4a.jpg', '0b888d04ced0a0ce16eee62c282cb9672a2fee4aNM.jpg', '2cb0298ed55320fd12ebee9b3d5cf05d.jpg', '2018-12-16 21:41:50', '2018-12-16 21:41:50');

-- --------------------------------------------------------

--
-- 資料表結構 `hotel_room`
--

CREATE TABLE `hotel_room` (
  `id` int(11) NOT NULL,
  `hotel_id` int(11) NOT NULL,
  `room_type_id` int(11) NOT NULL,
  `ppl_limit` int(11) NOT NULL,
  `price` int(11) NOT NULL,
  `qty` int(11) NOT NULL,
  `availability` int(11) NOT NULL,
  `promo` int(11) NOT NULL DEFAULT '0',
  `updated_at` datetime NOT NULL,
  `created_at` datetime NOT NULL
) ENGINE=InnoDB DEFAULT CHARSET=utf8;

--
-- 資料表的匯出資料 `hotel_room`
--

INSERT INTO `hotel_room` (`id`, `hotel_id`, `room_type_id`, `ppl_limit`, `price`, `qty`, `availability`, `promo`, `updated_at`, `created_at`) VALUES
(1, 23, 1, 2, 400, 30, 1, 0, '2018-11-13 19:08:17', '0000-00-00 00:00:00'),
(2, 23, 2, 2, 34, 34, 1, 0, '2018-11-15 15:54:04', '0000-00-00 00:00:00'),
(3, 2, 1, 1, 700, 25, 1, 0, '2018-11-25 02:20:44', '0000-00-00 00:00:00'),
(10, 26, 1, 2, 500, 20, 1, 0, '2018-11-16 01:16:24', '2018-11-15 02:36:32'),
(13, 26, 2, 5, 2500, 2, 1, 0, '2018-11-15 18:43:40', '2018-11-15 18:43:40'),
(14, 2, 2, 2, 400, 20, 1, 1, '2018-11-25 01:46:50', '2018-11-16 03:12:30'),
(15, 2, 3, 5, 6000, 2, 1, 0, '2018-11-25 02:12:41', '2018-11-16 03:14:35'),
(16, 3, 1, 5, 200, 4, 1, 0, '2018-11-16 03:22:05', '2018-11-16 03:22:05'),
(17, 29, 2, 3, 800, 30, 1, 0, '2018-11-19 23:33:19', '2018-11-19 23:33:19'),
(18, 31, 2, 2, 600, 10, 1, 1, '2018-11-25 01:48:44', '2018-11-25 01:48:14'),
(19, 31, 3, 3, 4020, 2, 1, 1, '2018-11-25 01:49:24', '2018-11-25 01:49:24'),
(20, 40, 1, 2, 500, 50, 1, 0, '2018-12-16 22:36:07', '2018-12-16 22:36:07'),
(21, 40, 2, 3, 1500, 20, 1, 1, '2018-12-16 22:36:20', '2018-12-16 22:36:20'),
(22, 40, 3, 5, 3000, 5, 1, 0, '2018-12-16 22:36:46', '2018-12-16 22:36:46'),
(23, 41, 1, 5, 1000, 30, 1, 0, '2018-12-16 22:37:28', '2018-12-16 22:37:28'),
(24, 41, 2, 4, 2000, 50, 1, 1, '2018-12-16 22:37:43', '2018-12-16 22:37:43'),
(25, 46, 1, 2, 700, 50, 1, 0, '2018-12-16 22:38:18', '2018-12-16 22:38:18'),
(26, 46, 2, 3, 1200, 20, 1, 0, '2018-12-16 22:38:29', '2018-12-16 22:38:29'),
(27, 46, 3, 5, 1800, 20, 1, 1, '2018-12-16 22:38:46', '2018-12-16 22:38:46'),
(28, 735, 2, 2, 400, 2, 1, 1, '2018-12-24 04:07:59', '2018-12-24 04:07:59'),
(29, 48, 3, 4, 3000, 20, 1, 1, '2018-12-26 22:11:41', '2018-12-26 22:11:41'),
(30, 74, 1, 2, 700, 20, 1, 1, '2018-12-27 01:29:44', '2018-12-27 01:29:44'),
(31, 72, 3, 3, 1250, 10, 1, 0, '2018-12-27 01:33:42', '2018-12-27 01:33:42'),
(32, 43, 1, 2, 400, 10, 1, 0, '2018-12-28 00:45:16', '2018-12-28 00:45:16'),
(33, 42, 1, 2, 600, 10, 1, 0, '2018-12-28 20:51:38', '2018-12-28 20:51:38'),
(34, 42, 2, 3, 1200, 10, 1, 0, '2018-12-28 20:52:00', '2018-12-28 20:52:00'),
(35, 42, 3, 4, 2000, 2, 1, 1, '2018-12-28 20:52:16', '2018-12-28 20:52:16');

-- --------------------------------------------------------

--
-- 資料表結構 `hotel_room_facility`
--

CREATE TABLE `hotel_room_facility` (
  `id` int(11) NOT NULL,
  `hotel_room_id` int(11) NOT NULL,
  `wifi` int(11) NOT NULL,
  `free_breakfast` int(11) NOT NULL,
  `air_conditioner` int(11) NOT NULL,
  `bathtub` int(11) NOT NULL,
  `tv` int(11) NOT NULL,
  `computer` int(11) NOT NULL,
  `work_desk` int(11) NOT NULL,
  `updated_at` datetime NOT NULL,
  `created_at` datetime NOT NULL
) ENGINE=InnoDB DEFAULT CHARSET=utf8;

--
-- 資料表的匯出資料 `hotel_room_facility`
--

INSERT INTO `hotel_room_facility` (`id`, `hotel_room_id`, `wifi`, `free_breakfast`, `air_conditioner`, `bathtub`, `tv`, `computer`, `work_desk`, `updated_at`, `created_at`) VALUES
(1, 1, 1, 0, 1, 1, 1, 0, 0, '0000-00-00 00:00:00', '0000-00-00 00:00:00'),
(2, 2, 1, 1, 1, 0, 1, 1, 0, '2018-11-15 16:06:25', '0000-00-00 00:00:00'),
(3, 3, 1, 1, 1, 1, 1, 0, 0, '0000-00-00 00:00:00', '0000-00-00 00:00:00'),
(4, 10, 1, 0, 1, 1, 1, 1, 0, '2018-11-16 01:43:18', '0000-00-00 00:00:00'),
(5, 12, 0, 0, 0, 1, 1, 0, 0, '2018-11-15 18:43:01', '2018-11-15 18:43:01'),
(6, 13, 0, 0, 0, 1, 0, 1, 1, '2018-11-18 18:47:52', '2018-11-15 18:43:40'),
(7, 14, 0, 1, 1, 0, 0, 0, 0, '2018-11-16 03:12:30', '2018-11-16 03:12:30'),
(8, 15, 1, 1, 1, 1, 1, 1, 1, '2018-11-16 03:14:35', '2018-11-16 03:14:35'),
(9, 16, 1, 1, 1, 1, 1, 1, 1, '2018-11-16 03:22:13', '2018-11-16 03:22:05'),
(10, 17, 1, 1, 1, 1, 1, 0, 1, '2018-11-19 23:33:19', '2018-11-19 23:33:19'),
(11, 18, 1, 1, 1, 1, 0, 0, 1, '2018-11-25 01:48:14', '2018-11-25 01:48:14'),
(12, 19, 1, 1, 1, 1, 1, 1, 1, '2018-11-25 01:49:24', '2018-11-25 01:49:24'),
(13, 20, 0, 0, 0, 0, 1, 1, 1, '2018-12-16 22:36:25', '2018-12-16 22:36:07'),
(14, 21, 1, 1, 1, 1, 1, 1, 1, '2018-12-16 22:36:20', '2018-12-16 22:36:20'),
(15, 22, 1, 1, 1, 1, 1, 1, 1, '2018-12-16 22:36:46', '2018-12-16 22:36:46'),
(16, 23, 1, 1, 1, 1, 1, 0, 0, '2018-12-16 22:37:28', '2018-12-16 22:37:28'),
(17, 24, 1, 1, 1, 1, 1, 1, 0, '2018-12-16 22:37:43', '2018-12-16 22:37:43'),
(18, 25, 1, 1, 1, 1, 1, 1, 0, '2018-12-16 22:38:18', '2018-12-16 22:38:18'),
(19, 26, 1, 1, 1, 1, 1, 1, 0, '2018-12-16 22:38:29', '2018-12-16 22:38:29'),
(20, 27, 1, 1, 1, 1, 1, 1, 1, '2018-12-16 22:38:46', '2018-12-16 22:38:46'),
(21, 28, 1, 1, 1, 1, 1, 1, 1, '2018-12-24 04:07:59', '2018-12-24 04:07:59'),
(22, 29, 1, 1, 1, 1, 1, 0, 1, '2018-12-26 22:11:41', '2018-12-26 22:11:41'),
(23, 30, 1, 1, 0, 1, 1, 1, 0, '2018-12-27 01:29:44', '2018-12-27 01:29:44'),
(24, 31, 1, 1, 1, 1, 1, 1, 0, '2018-12-27 01:33:42', '2018-12-27 01:33:42'),
(25, 32, 1, 1, 1, 1, 1, 0, 0, '2018-12-28 00:45:16', '2018-12-28 00:45:16'),
(26, 33, 1, 1, 1, 1, 1, 0, 0, '2018-12-28 20:51:38', '2018-12-28 20:51:38'),
(27, 34, 1, 1, 1, 1, 0, 0, 0, '2018-12-28 20:52:00', '2018-12-28 20:52:00'),
(28, 35, 1, 1, 1, 1, 1, 1, 1, '2018-12-28 20:52:16', '2018-12-28 20:52:16');

-- --------------------------------------------------------

--
-- 資料表結構 `migrations`
--

CREATE TABLE `migrations` (
  `migration` varchar(255) COLLATE utf8_unicode_ci NOT NULL,
  `batch` int(11) NOT NULL
) ENGINE=InnoDB DEFAULT CHARSET=utf8 COLLATE=utf8_unicode_ci;

--
-- 資料表的匯出資料 `migrations`
--

INSERT INTO `migrations` (`migration`, `batch`) VALUES
('2018_12_30_195756_uat', 1),
('2018_12_30_201224_room_type_add_create_update', 2);

-- --------------------------------------------------------

--
-- 資料表結構 `password_resets`
--

CREATE TABLE `password_resets` (
  `email` varchar(255) COLLATE utf8_unicode_ci NOT NULL,
  `token` varchar(255) COLLATE utf8_unicode_ci NOT NULL,
  `created_at` timestamp NOT NULL DEFAULT CURRENT_TIMESTAMP ON UPDATE CURRENT_TIMESTAMP
) ENGINE=InnoDB DEFAULT CHARSET=utf8 COLLATE=utf8_unicode_ci;

--
-- 資料表的匯出資料 `password_resets`
--

INSERT INTO `password_resets` (`email`, `token`, `created_at`) VALUES
('waihongip@gmail.com', 'fca306612ecdf11c05a62c8b5d577cb694b5efedb275b1c9273131340840c67b', '2018-11-04 04:11:59'),
('waihongip@gmail.com', 'fca306612ecdf11c05a62c8b5d577cb694b5efedb275b1c9273131340840c67b', '2018-11-04 04:11:59'),
('kenip0813@gmail.com', 'e3a76e716711c80b42633971c1e3ee32820055090d68cfbd3ca05807842f42df', '2018-12-25 23:21:40');

-- --------------------------------------------------------

--
-- 資料表結構 `payment_method`
--

CREATE TABLE `payment_method` (
  `id` int(11) NOT NULL,
  `type` varchar(255) NOT NULL
) ENGINE=InnoDB DEFAULT CHARSET=utf8;

--
-- 資料表的匯出資料 `payment_method`
--

INSERT INTO `payment_method` (`id`, `type`) VALUES
(1, 'VISA'),
(2, 'Mastercard'),
(3, 'Amex'),
(4, 'Discover'),
(5, 'Pay on arrival 入住到付');

-- --------------------------------------------------------

--
-- 資料表結構 `post_tag`
--

CREATE TABLE `post_tag` (
  `id` int(10) UNSIGNED NOT NULL,
  `hotel_id` int(10) UNSIGNED NOT NULL,
  `tag_id` int(10) UNSIGNED NOT NULL,
  `updated_at` datetime NOT NULL,
  `created_at` datetime NOT NULL
) ENGINE=InnoDB DEFAULT CHARSET=utf8 COLLATE=utf8_unicode_ci;

--
-- 資料表的匯出資料 `post_tag`
--

INSERT INTO `post_tag` (`id`, `hotel_id`, `tag_id`, `updated_at`, `created_at`) VALUES
(156, 24, 3, '2018-11-16 00:50:19', '2018-11-16 00:50:19'),
(199, 21, 3, '2018-11-18 17:44:33', '2018-11-18 17:44:33'),
(200, 21, 4, '2018-11-18 17:44:33', '2018-11-18 17:44:33'),
(201, 21, 5, '2018-11-18 17:44:33', '2018-11-18 17:44:33'),
(202, 21, 9, '2018-11-18 17:44:33', '2018-11-18 17:44:33'),
(203, 22, 3, '2018-11-18 17:44:41', '2018-11-18 17:44:41'),
(204, 22, 4, '2018-11-18 17:44:41', '2018-11-18 17:44:41'),
(205, 22, 5, '2018-11-18 17:44:41', '2018-11-18 17:44:41'),
(206, 22, 12, '2018-11-18 17:44:41', '2018-11-18 17:44:41'),
(207, 23, 3, '2018-11-18 17:44:47', '2018-11-18 17:44:47'),
(208, 23, 6, '2018-11-18 17:44:47', '2018-11-18 17:44:47'),
(209, 23, 7, '2018-11-18 17:44:47', '2018-11-18 17:44:47'),
(210, 26, 3, '2018-11-18 17:44:55', '2018-11-18 17:44:55'),
(211, 26, 4, '2018-11-18 17:44:55', '2018-11-18 17:44:55'),
(212, 26, 9, '2018-11-18 17:44:55', '2018-11-18 17:44:55'),
(213, 26, 10, '2018-11-18 17:44:55', '2018-11-18 17:44:55'),
(214, 19, 3, '2018-11-18 18:01:14', '2018-11-18 18:01:14'),
(215, 19, 10, '2018-11-18 18:01:14', '2018-11-18 18:01:14'),
(216, 19, 11, '2018-11-18 18:01:14', '2018-11-18 18:01:14'),
(217, 27, 5, '2018-11-18 22:45:09', '2018-11-18 22:45:09'),
(218, 27, 12, '2018-11-18 22:45:09', '2018-11-18 22:45:09'),
(219, 28, 4, '2018-11-19 01:33:46', '2018-11-19 01:33:46'),
(220, 28, 7, '2018-11-19 01:33:46', '2018-11-19 01:33:46'),
(221, 28, 8, '2018-11-19 01:33:46', '2018-11-19 01:33:46'),
(222, 28, 9, '2018-11-19 01:33:46', '2018-11-19 01:33:46'),
(230, 30, 8, '2018-11-19 02:33:22', '2018-11-19 02:33:22'),
(231, 30, 11, '2018-11-19 02:33:22', '2018-11-19 02:33:22'),
(232, 30, 12, '2018-11-19 02:33:22', '2018-11-19 02:33:22'),
(233, 29, 2, '2018-11-19 23:33:54', '2018-11-19 23:33:54'),
(234, 29, 4, '2018-11-19 23:33:54', '2018-11-19 23:33:54'),
(235, 29, 6, '2018-11-19 23:33:54', '2018-11-19 23:33:54'),
(236, 29, 12, '2018-11-19 23:33:54', '2018-11-19 23:33:54'),
(313, 31, 3, '2018-11-24 23:07:57', '2018-11-24 23:07:57'),
(314, 31, 10, '2018-11-24 23:07:57', '2018-11-24 23:07:57'),
(330, 3, 2, '2018-11-25 03:43:10', '2018-11-25 03:43:10'),
(331, 3, 3, '2018-11-25 03:43:10', '2018-11-25 03:43:10'),
(332, 3, 4, '2018-11-25 03:43:10', '2018-11-25 03:43:10'),
(333, 3, 10, '2018-11-25 03:43:10', '2018-11-25 03:43:10'),
(337, 2, 4, '2018-11-25 16:55:20', '2018-11-25 16:55:20'),
(338, 2, 9, '2018-11-25 16:55:20', '2018-11-25 16:55:20'),
(339, 2, 10, '2018-11-25 16:55:20', '2018-11-25 16:55:20'),
(342, 735, 2, '2018-12-16 21:41:52', '2018-12-16 21:41:52'),
(343, 735, 3, '2018-12-16 21:41:52', '2018-12-16 21:41:52'),
(346, 736, 5, '2018-12-16 22:06:49', '2018-12-16 22:06:49'),
(347, 736, 7, '2018-12-16 22:06:49', '2018-12-16 22:06:49'),
(362, 42, 3, '2018-12-27 21:58:22', '2018-12-27 21:58:22'),
(363, 42, 6, '2018-12-27 21:58:22', '2018-12-27 21:58:22'),
(364, 40, 3, '2018-12-29 16:36:13', '2018-12-29 16:36:13'),
(365, 40, 5, '2018-12-29 16:36:13', '2018-12-29 16:36:13'),
(369, 737, 3, '2018-12-31 17:46:59', '2018-12-31 17:46:59'),
(370, 737, 3, '2018-12-31 17:46:59', '2018-12-31 17:46:59'),
(371, 737, 4, '2018-12-31 17:46:59', '2018-12-31 17:46:59'),
(372, 737, 6, '2018-12-31 17:46:59', '2018-12-31 17:46:59'),
(373, 737, 10, '2018-12-31 17:46:59', '2018-12-31 17:46:59'),
(374, 738, 9, '2018-12-31 17:55:37', '2018-12-31 17:55:37'),
(375, 738, 11, '2018-12-31 17:55:37', '2018-12-31 17:55:37'),
(376, 738, 12, '2018-12-31 17:55:37', '2018-12-31 17:55:37');

-- --------------------------------------------------------

--
-- 資料表結構 `room_type`
--

CREATE TABLE `room_type` (
  `id` int(11) NOT NULL,
  `type` varchar(255) NOT NULL,
  `created_at` datetime NOT NULL,
  `updated_at` datetime NOT NULL
) ENGINE=InnoDB DEFAULT CHARSET=utf8;

--
-- 資料表的匯出資料 `room_type`
--

INSERT INTO `room_type` (`id`, `type`, `created_at`, `updated_at`) VALUES
(1, '普通房', '0000-00-00 00:00:00', '0000-00-00 00:00:00'),
(2, '高級房', '0000-00-00 00:00:00', '0000-00-00 00:00:00'),
(3, '總統套房', '0000-00-00 00:00:00', '0000-00-00 00:00:00');

-- --------------------------------------------------------

--
-- 資料表結構 `tags`
--

CREATE TABLE `tags` (
  `id` int(10) UNSIGNED NOT NULL,
  `name` varchar(255) COLLATE utf8_unicode_ci NOT NULL,
  `created_at` timestamp NULL DEFAULT NULL,
  `updated_at` timestamp NULL DEFAULT NULL
) ENGINE=InnoDB DEFAULT CHARSET=utf8 COLLATE=utf8_unicode_ci;

--
-- 資料表的匯出資料 `tags`
--

INSERT INTO `tags` (`id`, `name`, `created_at`, `updated_at`) VALUES
(2, 'hot', '2018-11-04 23:59:59', '2018-11-18 09:14:54'),
(3, 'best hotel', '2018-11-05 22:34:34', '2018-11-05 22:34:34'),
(4, 'excellent', '2018-11-05 23:29:31', '2018-11-18 09:17:22'),
(5, 'enjoy', '2018-11-18 09:17:35', '2018-11-18 09:17:35'),
(6, 'relax', '2018-11-18 09:19:46', '2018-11-18 09:19:46'),
(7, 'free breakfast', '2018-11-18 09:20:01', '2018-11-18 09:20:01'),
(8, 'spa', '2018-11-18 09:20:11', '2018-11-18 09:20:11'),
(9, 'buffet', '2018-11-18 09:20:23', '2018-11-18 09:20:23'),
(10, 'Good reputation', '2018-11-18 09:28:12', '2018-11-18 09:28:12'),
(11, 'environmentally friendly', '2018-11-18 09:28:31', '2018-11-18 09:28:31'),
(12, 'high tech', '2018-11-18 09:28:46', '2018-11-18 09:28:46');

-- --------------------------------------------------------

--
-- 資料表結構 `users`
--

CREATE TABLE `users` (
  `id` int(10) UNSIGNED NOT NULL,
  `name` varchar(255) COLLATE utf8_unicode_ci NOT NULL,
  `email` varchar(255) COLLATE utf8_unicode_ci NOT NULL,
  `phone` varchar(11) COLLATE utf8_unicode_ci DEFAULT NULL,
  `gender` varchar(255) COLLATE utf8_unicode_ci DEFAULT NULL,
  `password` varchar(60) COLLATE utf8_unicode_ci NOT NULL,
  `remember_token` varchar(100) COLLATE utf8_unicode_ci DEFAULT NULL,
  `role` varchar(255) COLLATE utf8_unicode_ci NOT NULL DEFAULT 'user',
  `created_at` timestamp NULL DEFAULT NULL,
  `updated_at` timestamp NULL DEFAULT NULL
) ENGINE=InnoDB DEFAULT CHARSET=utf8 COLLATE=utf8_unicode_ci;

--
-- 資料表的匯出資料 `users`
--

INSERT INTO `users` (`id`, `name`, `email`, `phone`, `gender`, `password`, `remember_token`, `role`, `created_at`, `updated_at`) VALUES
(2, 'KenIP', 'kenip0813@gmail.com', '67578441', 'M', '$2y$10$1HYUPuWLTfTkGJo9SPuejekJhUAZ3Eol066ZJ955aLiiHlsTn7FAm', 'y1rrxM6MzMC4VnHL9dWtYCkvz2nEZMbwj6spzsgISfuXzr6cRXgurvbBxYXU', 'superadmin', '2018-10-27 13:04:14', '2019-01-01 13:09:42'),
(3, 'user01', 'user01@email.com', NULL, NULL, '$2y$10$XxsK4QEmY6FdtJZVjo7lt.iFClmphVmSQkN7uhVdMWEgumenRx88C', 'hFfVLcL0PD7ZvCsmPch0cGbbM86PqRWrmycWGrVLAX2G8Dwx3egWQzI3i8Oe', 'user', '2018-10-29 09:27:08', '2018-12-25 22:29:55'),
(4, 'kenny', 'kenny@gmail.com', NULL, NULL, '$2y$10$albSC4Oq5S5zxBiPJHYODeW2/xS8YcuGj8/xbdx7TOWv7XOKQ51DO', 'sgFy5EuzKejo4qE5jhx2sb5dDEkDfBQ5kUzgr9cFCDqqGZu26rYQHy4VNAQg', 'user', '2018-12-25 22:40:09', '2018-12-26 16:54:14'),
(5, 'smlau', 'smlau@gmail.com', '99887766', 'M', '$2y$10$1HYUPuWLTfTkGJo9SPuejekJhUAZ3Eol066ZJ955aLiiHlsTn7FAm', 'sZgWDGobH3KJApV6Z2PQipYFlKwDOaPsj94ZOT137CNHdAbA5G0cM3nVvjZN', 'user', '2018-12-26 17:00:07', '2018-12-29 08:56:50'),
(11, 'dada', 'dada@gmail.com', '98765432', 'F', '$2y$10$d8CWzZX8Sb7Ru1/nIhpaT.hjobUXnyE.q6sWxm6cCTzHDuCVinpKy', 'JeBH3nOkQQoY5yzVu0XGCqq8k1yRG9gxuWuR7m23QKivBpgQbfdFZErb5lsq', 'user', '2018-12-26 21:00:21', '2018-12-28 20:34:12'),
(12, 'jim', 'jim@gmail.com', '99663322', 'M', '$2y$10$QXpuVXA6F9/CsjuaLEGy1uFaGuiqUNArd/SUYpyFy9.jvU2tijQpu', 'FE6AGSFXzrI5PhIxKJAJGzrbTnKG5MQ1E4IfKpGpQpzJ0hfISVWVN2hZTf9b', 'user', '2018-12-28 13:17:43', '2018-12-30 14:22:05');

--
-- 已匯出資料表的索引
--

--
-- 資料表索引 `booking`
--
ALTER TABLE `booking`
  ADD PRIMARY KEY (`id`);

--
-- 資料表索引 `booking_guest`
--
ALTER TABLE `booking_guest`
  ADD PRIMARY KEY (`id`);

--
-- 資料表索引 `booking_payment`
--
ALTER TABLE `booking_payment`
  ADD PRIMARY KEY (`id`);

--
-- 資料表索引 `categories`
--
ALTER TABLE `categories`
  ADD PRIMARY KEY (`id`);

--
-- 資料表索引 `hotel`
--
ALTER TABLE `hotel`
  ADD PRIMARY KEY (`id`);

--
-- 資料表索引 `hotel_comment`
--
ALTER TABLE `hotel_comment`
  ADD PRIMARY KEY (`id`);

--
-- 資料表索引 `hotel_facility`
--
ALTER TABLE `hotel_facility`
  ADD PRIMARY KEY (`id`);

--
-- 資料表索引 `hotel_image`
--
ALTER TABLE `hotel_image`
  ADD PRIMARY KEY (`id`);

--
-- 資料表索引 `hotel_room`
--
ALTER TABLE `hotel_room`
  ADD PRIMARY KEY (`id`);

--
-- 資料表索引 `hotel_room_facility`
--
ALTER TABLE `hotel_room_facility`
  ADD PRIMARY KEY (`id`);

--
-- 資料表索引 `password_resets`
--
ALTER TABLE `password_resets`
  ADD KEY `password_resets_email_index` (`email`),
  ADD KEY `password_resets_token_index` (`token`);

--
-- 資料表索引 `payment_method`
--
ALTER TABLE `payment_method`
  ADD PRIMARY KEY (`id`);

--
-- 資料表索引 `post_tag`
--
ALTER TABLE `post_tag`
  ADD PRIMARY KEY (`id`),
  ADD KEY `post_tag_post_id_foreign` (`hotel_id`),
  ADD KEY `post_tag_tag_id_foreign` (`tag_id`);

--
-- 資料表索引 `room_type`
--
ALTER TABLE `room_type`
  ADD PRIMARY KEY (`id`);

--
-- 資料表索引 `tags`
--
ALTER TABLE `tags`
  ADD PRIMARY KEY (`id`);

--
-- 資料表索引 `users`
--
ALTER TABLE `users`
  ADD PRIMARY KEY (`id`),
  ADD UNIQUE KEY `users_email_unique` (`email`);

--
-- 在匯出的資料表使用 AUTO_INCREMENT
--

--
-- 使用資料表 AUTO_INCREMENT `booking`
--
ALTER TABLE `booking`
  MODIFY `id` int(11) NOT NULL AUTO_INCREMENT, AUTO_INCREMENT=80;
--
-- 使用資料表 AUTO_INCREMENT `booking_guest`
--
ALTER TABLE `booking_guest`
  MODIFY `id` int(11) NOT NULL AUTO_INCREMENT, AUTO_INCREMENT=52;
--
-- 使用資料表 AUTO_INCREMENT `booking_payment`
--
ALTER TABLE `booking_payment`
  MODIFY `id` int(11) NOT NULL AUTO_INCREMENT, AUTO_INCREMENT=60;
--
-- 使用資料表 AUTO_INCREMENT `categories`
--
ALTER TABLE `categories`
  MODIFY `id` int(10) UNSIGNED NOT NULL AUTO_INCREMENT, AUTO_INCREMENT=11;
--
-- 使用資料表 AUTO_INCREMENT `hotel`
--
ALTER TABLE `hotel`
  MODIFY `id` int(11) NOT NULL AUTO_INCREMENT, AUTO_INCREMENT=739;
--
-- 使用資料表 AUTO_INCREMENT `hotel_comment`
--
ALTER TABLE `hotel_comment`
  MODIFY `id` int(11) NOT NULL AUTO_INCREMENT, AUTO_INCREMENT=11;
--
-- 使用資料表 AUTO_INCREMENT `hotel_facility`
--
ALTER TABLE `hotel_facility`
  MODIFY `id` int(11) NOT NULL AUTO_INCREMENT, AUTO_INCREMENT=703;
--
-- 使用資料表 AUTO_INCREMENT `hotel_image`
--
ALTER TABLE `hotel_image`
  MODIFY `id` int(11) NOT NULL AUTO_INCREMENT, AUTO_INCREMENT=55;
--
-- 使用資料表 AUTO_INCREMENT `hotel_room`
--
ALTER TABLE `hotel_room`
  MODIFY `id` int(11) NOT NULL AUTO_INCREMENT, AUTO_INCREMENT=36;
--
-- 使用資料表 AUTO_INCREMENT `hotel_room_facility`
--
ALTER TABLE `hotel_room_facility`
  MODIFY `id` int(11) NOT NULL AUTO_INCREMENT, AUTO_INCREMENT=29;
--
-- 使用資料表 AUTO_INCREMENT `payment_method`
--
ALTER TABLE `payment_method`
  MODIFY `id` int(11) NOT NULL AUTO_INCREMENT, AUTO_INCREMENT=6;
--
-- 使用資料表 AUTO_INCREMENT `post_tag`
--
ALTER TABLE `post_tag`
  MODIFY `id` int(10) UNSIGNED NOT NULL AUTO_INCREMENT, AUTO_INCREMENT=377;
--
-- 使用資料表 AUTO_INCREMENT `room_type`
--
ALTER TABLE `room_type`
  MODIFY `id` int(11) NOT NULL AUTO_INCREMENT, AUTO_INCREMENT=4;
--
-- 使用資料表 AUTO_INCREMENT `tags`
--
ALTER TABLE `tags`
  MODIFY `id` int(10) UNSIGNED NOT NULL AUTO_INCREMENT, AUTO_INCREMENT=13;
--
-- 使用資料表 AUTO_INCREMENT `users`
--
ALTER TABLE `users`
  MODIFY `id` int(10) UNSIGNED NOT NULL AUTO_INCREMENT, AUTO_INCREMENT=13;
/*!40101 SET CHARACTER_SET_CLIENT=@OLD_CHARACTER_SET_CLIENT */;
/*!40101 SET CHARACTER_SET_RESULTS=@OLD_CHARACTER_SET_RESULTS */;
/*!40101 SET COLLATION_CONNECTION=@OLD_COLLATION_CONNECTION */;
